palavra,frequência,tipo,Validação,QE1,QE2,QE3,QE4,QE5,QE6,QE7,QE8,QE9,QE10,QE11,QE12,QE13,QE14,QE15,QE16,QE17,QE18,Total,NOVO
data,193,N,TRUE,0,0,0,0,0,1,0,1,0,1,1,1,0,1,1,1,1,1,,FALSE
site,81,N,TRUE,0,1,0,0,1,1,0,0,1,1,1,0,0,0,0,0,0,1,,FALSE
member,79,N,TRUE,1,1,0,0,1,1,1,0,1,1,0,0,0,0,0,0,0,0,,FALSE
use,72,V,TRUE,0,0,0,0,0,0,0,1,0,1,0,0,0,0,0,0,0,1,,FALSE
see,66,V,FALSE,0,0,0,0,1,0,0,0,0,0,1,0,0,0,0,0,0,0,,FALSE
know,65,V,TRUE,0,0,0,0,0,0,0,0,0,0,0,0,0,0,0,0,0,0,,FALSE
user,61,N,TRUE,1,1,0,0,0,0,1,1,0,0,0,0,0,0,0,0,0,0,,FALSE
research,56,N,TRUE,0,0,0,0,0,0,0,1,0,1,1,0,0,0,0,0,0,1,,FALSE
access,55,V,TRUE,1,1,0,0,1,0,1,1,1,1,1,0,0,0,0,0,0,1,,FALSE
dataset,50,N,TRUE,0,0,0,0,0,0,0,1,0,0,0,0,0,1,0,0,0,0,,FALSE
get,50,V,TRUE,0,0,0,0,0,0,0,1,0,1,1,0,0,0,0,0,0,1,,FALSE
information,45,N,TRUE,0,0,0,0,0,0,0,1,0,1,1,0,0,0,0,1,0,1,,FALSE
administrator,39,N,TRUE,1,1,0,0,1,1,1,0,1,0,0,0,0,0,0,1,0,1,,TRUE
page,35,N,TRUE,0,0,0,0,1,0,0,1,0,1,1,0,0,0,0,1,0,1,,FALSE
project,33,N,TRUE,0,0,0,0,0,0,0,0,0,0,0,0,0,0,0,0,0,0,,FALSE
access,30,N,TRUE,1,1,0,0,1,0,1,1,1,1,1,0,0,0,0,0,0,1,,FALSE
create,30,V,TRUE,1,1,0,0,0,0,1,0,0,0,0,0,0,0,0,0,0,0,,FALSE
item,30,N,TRUE,0,0,0,0,0,0,1,1,0,1,1,0,0,0,0,0,0,1,,FALSE
file,29,N,TRUE,0,0,0,0,0,0,1,1,0,0,0,0,0,1,0,1,1,1,,FALSE
package,29,N,TRUE,0,0,0,0,0,0,0,1,0,0,0,0,0,1,0,0,0,0,,FALSE
find,28,V,TRUE,0,0,0,0,0,0,0,1,0,1,1,0,0,0,0,0,0,0,,FALSE
work,27,N,TRUE,0,0,0,0,0,0,0,0,0,0,0,0,0,0,0,0,0,0,,FALSE
make,26,V,TRUE,0,0,0,0,0,0,0,0,0,0,0,0,0,0,0,0,0,0,,FALSE
link,25,N,TRUE,0,0,0,0,0,0,1,1,0,1,1,0,0,0,0,0,0,1,,FALSE
view,25,V,TRUE,0,0,0,0,0,0,1,1,1,0,1,0,0,0,0,0,0,0,,FALSE
collection,23,N,TRUE,0,0,0,0,0,0,0,1,0,1,1,0,0,0,0,0,0,0,,FALSE
ensure,23,V,TRUE,0,0,0,0,0,0,0,0,0,0,0,0,0,0,0,0,0,0,,FALSE
repository,23,N,TRUE,0,0,0,0,0,0,0,1,0,0,0,1,0,1,0,1,0,0,,FALSE
moderator,23,N,TRUE,1,1,0,0,1,1,1,0,1,0,0,0,0,0,0,1,0,1,,TRUE
list,22,N,TRUE,0,0,0,0,0,0,0,0,0,1,1,0,0,0,0,0,0,0,,FALSE
list,22,N,TRUE,0,0,0,0,0,0,0,0,0,1,1,0,0,0,0,0,0,0,,FALSE
content,21,N,TRUE,0,0,0,0,0,0,1,1,0,1,1,0,0,0,0,0,0,0,,FALSE
time,21,N,TRUE,0,0,0,0,0,0,0,0,0,0,0,0,0,0,0,0,0,0,,FALSE
profile,20,N,TRUE,1,1,0,0,1,0,1,1,1,1,1,0,0,0,0,1,0,0,,FALSE
start,20,V,TRUE,0,0,0,0,0,0,0,0,0,0,0,0,0,0,0,0,0,0,,FALSE
estimate,19,N,TRUE,0,0,0,0,0,0,0,0,0,0,0,0,0,0,0,0,0,0,,FALSE
give,19,V,TRUE,1,0,0,0,0,0,0,1,0,1,0,0,0,0,0,0,0,0,,FALSE
publish,19,V,TRUE,0,0,0,0,0,0,1,0,1,1,1,0,0,0,0,0,0,0,,FALSE
training,19,N,TRUE,0,0,0,0,0,0,0,0,0,1,1,0,0,0,0,0,0,0,,FALSE
faculty,19,N,FALSE,0,0,0,0,,0,0,0,0,0,0,0,0,0,0,0,0,0,,TRUE
application,18,N,TRUE,0,0,0,0,1,1,1,1,1,1,1,0,0,0,0,1,0,1,,FALSE
article,18,N,TRUE,0,0,0,0,0,0,0,0,0,0,0,0,0,0,0,0,0,0,,FALSE
search,18,V,TRUE,0,0,0,0,0,0,0,1,0,1,1,0,0,0,0,0,0,0,,FALSE
share,18,V,TRUE,0,0,0,0,0,0,1,1,0,1,1,0,0,0,0,0,0,1,,FALSE
store,18,V,TRUE,1,0,0,0,0,0,0,1,0,0,0,0,0,0,0,1,1,0,,FALSE
version,18,N,TRUE,0,0,0,0,0,0,0,1,0,0,1,0,0,0,0,0,0,0,,FALSE
record,17,N,TRUE,0,0,0,0,0,0,1,1,0,1,1,0,0,0,0,1,0,0,,FALSE
work,17,V,TRUE,0,0,0,0,0,0,0,0,0,0,0,0,0,0,0,0,0,0,,FALSE
course,17,N,TRUE,0,0,0,0,0,0,0,0,0,0,0,0,0,0,0,0,0,0,,FALSE
download,17,V,TRUE,0,0,0,0,0,0,1,1,0,1,0,0,0,0,0,1,1,1,,FALSE
keep,17,V,TRUE,0,0,0,0,0,0,1,1,0,0,0,0,0,0,0,1,0,0,,FALSE
other,17,N,TRUE,0,0,0,0,0,0,0,0,0,0,0,0,0,0,0,0,0,0,,FALSE
record,17,V,TRUE,0,0,0,0,0,0,1,1,0,1,1,0,0,0,0,1,0,0,,FALSE
depositor,17,N,TRUE,1,1,0,0,1,1,1,0,0,1,1,0,0,0,0,1,0,1,,TRUE
link,16,V,FALSE,0,0,0,0,0,0,1,1,0,1,1,0,0,0,0,0,0,1,,FALSE
check,16,V,TRUE,0,0,0,0,0,0,1,1,0,1,0,0,0,0,0,0,0,0,,FALSE
event,16,N,TRUE,0,0,0,0,0,0,0,0,0,0,0,0,0,0,0,0,0,0,,FALSE
learn,16,V,TRUE,0,0,0,0,0,0,0,0,0,1,1,0,0,0,0,0,0,0,,FALSE
system,16,N,TRUE,0,1,0,0,1,1,1,1,1,1,1,0,0,0,0,1,0,1,,FALSE
website,16,N,TRUE,0,1,0,0,1,1,0,1,1,1,1,0,0,0,0,0,0,1,,FALSE
add,15,V,TRUE,0,0,0,0,0,0,1,0,0,1,1,0,0,0,0,0,0,0,,FALSE
read,15,V,TRUE,0,0,0,0,0,0,0,1,0,0,1,0,0,0,0,0,0,1,,FALSE
report,15,N,TRUE,0,0,0,0,0,0,1,0,0,0,1,0,0,0,0,0,0,0,,FALSE
deposit,14,V,FALSE,0,0,0,0,0,0,1,1,0,1,0,0,0,0,0,1,0,0,,FALSE
trainer,14,N,FALSE,0,0,0,0,0,0,1,0,1,0,0,0,0,0,0,0,0,0,,FALSE
estimate,14,V,TRUE,0,0,0,0,0,0,0,0,0,0,0,0,0,0,0,0,0,0,,FALSE
camp,14,N,TRUE,0,0,0,0,0,0,0,0,0,0,0,0,0,0,0,0,0,0,,FALSE
group,14,N,TRUE,0,0,0,0,0,0,0,0,0,0,0,0,0,0,0,0,0,0,,FALSE
request,14,N,TRUE,1,0,0,0,0,0,0,1,0,0,0,0,0,0,0,0,0,0,,FALSE
researcher,14,N,TRUE,0,0,0,0,0,0,0,0,0,0,0,0,0,0,0,0,0,0,,FALSE
update,14,V,TRUE,0,1,0,0,0,0,1,1,0,1,0,0,0,0,0,1,0,0,,FALSE
include,13,V,FALSE,0,0,0,0,0,0,0,1,0,0,1,0,0,0,0,0,0,0,,FALSE
change,13,V,TRUE,0,1,0,0,0,0,1,1,0,0,0,0,0,0,0,0,0,0,,FALSE
metadata,13,N,TRUE,0,0,0,0,0,0,1,1,0,0,1,0,0,0,0,1,0,1,,FALSE
post,13,V,TRUE,0,0,0,0,0,0,1,0,0,1,1,0,0,0,0,0,0,1,,FALSE
session,13,N,TRUE,0,0,0,0,1,1,1,1,0,0,0,0,0,0,0,1,0,1,,FALSE
submit,13,V,TRUE,0,0,0,0,0,0,1,1,0,1,1,0,0,0,0,0,1,1,,FALSE
take,13,V,TRUE,0,0,0,0,0,0,0,0,0,0,0,0,0,0,0,0,0,0,,FALSE
understand,13,V,TRUE,0,0,0,0,0,0,0,0,0,0,0,0,0,0,0,0,0,0,,FALSE
assign,12,V,TRUE,0,0,0,0,0,0,1,0,1,1,0,0,0,0,0,0,0,0,,FALSE
schedule,12,N,TRUE,0,0,0,0,0,0,0,1,0,1,1,0,0,0,0,1,0,1,,FALSE
analysis,12,N,FALSE,0,0,0,0,0,0,0,0,0,0,0,0,0,0,0,0,0,0,,FALSE
provide,12,V,FALSE,0,0,0,0,0,0,0,1,0,0,1,0,0,0,0,0,0,1,,FALSE
service,12,N,FALSE,0,1,0,0,0,0,1,1,0,0,1,0,0,0,0,1,0,1,,FALSE
maintain,12,V,TRUE,0,0,0,0,0,0,1,1,1,0,0,0,0,0,0,0,0,0,,FALSE
plan,12,V,TRUE,0,0,0,0,0,0,0,0,0,0,0,0,0,0,0,0,0,0,,FALSE
publication,12,N,TRUE,0,0,0,0,0,0,0,0,0,0,1,0,0,0,0,0,0,0,,FALSE
show,12,V,TRUE,0,0,0,0,0,0,0,0,0,0,1,0,0,0,0,0,0,0,,FALSE
sponsor,12,V,TRUE,0,0,0,0,0,0,0,0,0,0,0,0,0,0,0,0,0,0,,FALSE
sponsor,12,N,TRUE,0,0,0,0,0,0,0,0,0,0,0,0,0,0,0,0,0,0,,FALSE
track,12,V,TRUE,0,0,0,0,0,0,1,1,0,1,1,0,0,0,0,1,0,1,,FALSE
upload,12,V,TRUE,0,0,0,0,0,0,1,1,0,1,0,0,0,0,0,0,1,1,,FALSE
designer,12,N,TRUE,1,1,0,0,1,1,0,0,0,0,0,0,0,0,0,0,0,0,,TRUE
integration,11,N,FALSE,0,0,0,0,0,0,0,0,0,0,0,0,0,0,0,0,0,1,,FALSE
date,11,N,TRUE,0,0,0,0,0,0,0,0,0,0,0,0,0,0,0,0,0,0,,FALSE
design,11,N,TRUE,0,0,0,0,0,0,0,0,0,0,0,0,0,0,0,0,0,0,,FALSE
material,11,N,TRUE,0,0,0,0,0,0,0,0,0,0,0,0,0,0,0,0,0,0,,FALSE
notify,11,V,TRUE,0,0,0,0,0,0,1,0,0,1,1,0,0,0,0,0,0,0,,FALSE
receive,11,V,TRUE,0,0,0,0,0,0,1,1,0,0,1,0,0,0,0,0,0,0,,FALSE
relate,11,V,TRUE,0,0,0,0,0,0,0,0,0,0,0,0,0,0,0,0,0,0,,FALSE
sponsorship,11,N,TRUE,0,0,0,0,0,0,0,0,0,0,0,0,0,0,0,0,0,0,,FALSE
summit,11,N,TRUE,0,0,0,0,0,0,0,0,0,0,0,0,0,0,0,0,0,0,,FALSE
visualization,11,N,TRUE,0,0,0,0,0,0,0,1,0,0,1,0,0,0,0,0,0,0,,FALSE
requirement,10,N,FALSE,0,0,0,0,0,0,0,0,0,0,0,0,0,0,0,0,0,0,,FALSE
account,10,N,TRUE,1,1,0,0,1,1,1,1,1,1,0,0,0,0,0,0,0,1,,FALSE
activity,10,N,TRUE,0,0,0,0,0,1,0,0,0,0,1,0,0,0,0,0,0,0,,FALSE
approve,10,V,TRUE,0,0,0,0,0,0,1,0,1,0,0,0,0,0,0,0,0,0,,FALSE
associate,10,V,TRUE,0,0,0,0,0,0,0,0,0,0,0,0,0,0,0,0,0,0,,FALSE
attendee,10,N,TRUE,0,0,0,0,0,0,1,1,0,1,1,0,0,0,0,0,0,1,,FALSE
camper,10,N,TRUE,0,0,0,0,0,0,0,0,0,0,0,0,0,0,0,0,0,0,,FALSE
come,10,V,TRUE,0,0,0,0,0,0,0,0,0,0,0,0,0,0,0,0,0,0,,FALSE
detail,10,N,TRUE,0,0,0,0,0,0,1,1,0,0,1,0,0,0,0,0,0,1,,FALSE
library,10,N,TRUE,0,0,0,0,0,0,0,1,0,1,1,0,0,0,0,0,0,1,,FALSE
manage,10,V,TRUE,0,1,0,0,0,0,1,1,1,1,1,0,0,0,0,1,0,1,,FALSE
publisher,10,N,TRUE,0,0,0,0,0,0,1,1,0,0,1,0,0,0,0,1,0,1,,FALSE
register,10,V,TRUE,1,1,0,0,1,0,1,1,0,1,1,0,0,0,0,1,0,1,,FALSE
save,10,V,TRUE,0,0,0,0,0,0,1,0,0,1,1,0,0,0,0,1,0,0,,FALSE
story,10,N,TRUE,0,0,0,0,0,0,0,0,0,0,0,0,0,0,0,0,0,0,,FALSE
sign,9,V,TRUE,1,1,0,0,1,0,0,1,0,1,1,0,0,0,0,0,0,1,,FALSE
compliance,9,N,FALSE,0,0,0,0,0,0,0,1,0,0,0,0,0,0,0,0,0,0,,FALSE
determine,9,V,FALSE,0,0,0,0,0,0,1,0,0,0,0,0,0,0,0,0,0,0,,FALSE
home,9,N,FALSE,0,0,0,0,0,0,0,0,0,0,0,0,0,0,0,0,0,0,,FALSE
image,9,N,FALSE,0,0,0,0,0,0,0,0,0,0,0,0,0,0,0,0,0,0,,FALSE
news,9,N,FALSE,0,0,0,0,0,0,0,0,0,0,1,0,0,0,0,0,0,0,,FALSE
result,9,N,FALSE,0,0,0,0,0,0,0,0,0,0,0,1,0,0,0,0,0,0,,FALSE
section,9,N,FALSE,0,0,0,0,0,0,0,0,0,0,0,0,0,0,0,0,0,0,,FALSE
schedule,9,V,TRUE,0,0,0,0,0,0,0,0,0,0,0,0,0,0,0,0,0,0,,FALSE
become,9,V,TRUE,0,0,0,0,0,0,0,0,0,0,0,0,0,0,0,0,0,0,,FALSE
class,9,N,TRUE,0,0,0,0,0,0,0,0,0,0,0,0,0,0,0,0,0,0,,FALSE
day,9,N,TRUE,0,0,0,0,0,0,0,0,0,0,0,0,0,0,0,0,0,0,,FALSE
delete,9,V,TRUE,0,1,0,0,1,0,1,1,0,1,0,0,0,0,0,1,0,0,,FALSE
fee,9,N,TRUE,0,0,0,0,0,0,0,0,0,0,0,0,0,0,0,0,0,0,,FALSE
form,9,N,TRUE,0,0,0,0,0,0,1,1,0,1,1,0,0,0,1,0,0,0,,FALSE
go,9,V,TRUE,0,0,0,0,0,0,0,0,0,0,0,0,0,0,0,0,0,0,,FALSE
integrate,9,V,TRUE,0,1,0,0,0,0,0,1,0,0,0,0,0,0,0,0,0,1,,FALSE
level,9,N,TRUE,0,0,0,0,0,0,0,0,0,0,0,0,0,0,0,0,0,0,,FALSE
set,9,V,TRUE,1,1,0,0,0,0,0,1,0,1,0,0,0,0,0,1,0,1,,FALSE
team,9,N,TRUE,0,1,0,0,0,0,1,0,1,0,0,0,0,0,0,0,0,0,,FALSE
type,9,N,TRUE,0,0,0,0,0,0,0,0,0,0,0,0,0,0,0,0,0,0,,FALSE
develop,8,V,FALSE,0,0,0,0,0,0,0,1,0,0,0,0,0,0,0,0,0,0,,FALSE
enter,8,V,FALSE,1,1,0,0,0,0,1,1,0,1,1,0,0,0,0,0,0,0,,FALSE
accept,8,V,TRUE,0,0,0,0,0,0,1,1,0,1,0,0,0,0,0,0,0,0,,FALSE
appear,8,V,TRUE,0,0,0,0,0,0,0,0,0,0,1,0,0,0,0,0,0,0,,FALSE
archive,8,N,TRUE,0,0,0,0,0,0,1,1,0,0,0,0,0,0,0,1,0,0,,FALSE
choose,8,V,TRUE,0,0,0,0,0,0,0,0,0,1,1,0,0,0,0,0,0,0,,FALSE
database,8,N,TRUE,0,0,0,0,0,0,1,1,0,0,0,0,0,0,0,1,0,1,,FALSE
field,8,N,TRUE,0,0,0,0,0,0,0,1,0,1,0,0,0,0,0,0,0,0,,FALSE
game,8,N,TRUE,0,0,0,0,0,0,0,0,0,0,0,0,0,0,0,0,0,0,,FALSE
name,8,N,TRUE,1,0,0,0,0,0,1,1,0,1,0,0,0,0,0,0,0,0,,FALSE
prototype,8,N,TRUE,0,0,0,0,0,0,0,1,0,0,0,0,0,0,0,0,0,0,,FALSE
submission,8,N,TRUE,1,0,0,0,0,0,0,0,0,1,0,0,0,0,0,0,0,0,,FALSE
validate,8,V,TRUE,0,1,0,0,0,0,1,1,0,1,0,0,0,0,0,0,0,0,,FALSE
authenticateduser,8,N,FALSE,0,0,0,0,0,0,0,0,0,0,0,0,0,0,0,0,0,0,,TRUE
center,7,N,FALSE,0,0,0,0,0,0,0,0,1,0,0,0,0,0,0,0,0,0,,FALSE
datapackage,7,N,FALSE,0,0,0,0,0,0,0,1,0,0,0,0,0,0,0,0,0,0,,FALSE
organization,7,N,FALSE,0,0,0,0,0,0,0,0,0,0,0,0,0,0,0,0,0,0,,FALSE
support,7,N,FALSE,0,0,0,0,0,0,1,1,0,0,1,0,0,0,0,0,0,1,,FALSE
allow,7,V,TRUE,0,0,0,0,0,0,1,1,0,1,0,0,0,0,0,0,0,0,,FALSE
author,7,N,TRUE,0,0,0,0,0,0,0,0,0,0,0,0,0,0,0,0,0,0,,FALSE
case,7,N,TRUE,0,0,0,0,0,0,0,0,0,0,0,0,0,0,0,0,0,0,,FALSE
collect,7,V,TRUE,0,0,0,0,0,0,0,1,0,1,0,0,0,0,0,0,0,0,,FALSE
decide,7,V,TRUE,0,0,0,0,0,0,0,0,0,0,0,0,0,0,0,0,0,0,,FALSE
edit,7,V,TRUE,0,1,0,0,0,0,1,1,1,1,0,0,0,0,0,1,0,0,,FALSE
email,7,N,TRUE,1,1,1,1,1,1,1,1,0,1,1,0,0,0,0,0,0,1,,FALSE
location,7,N,TRUE,0,0,0,0,0,0,1,1,0,0,0,0,0,0,0,0,0,0,,FALSE
one,7,N,TRUE,0,0,0,0,0,0,0,0,0,0,0,0,0,0,0,0,0,0,,FALSE
package,7,V,TRUE,0,0,0,0,0,0,0,1,0,0,0,0,0,0,0,0,0,0,,FALSE
parent,7,N,TRUE,0,0,0,0,0,0,0,0,0,0,0,0,0,0,0,0,0,0,,FALSE
pipeline,7,N,TRUE,0,0,0,0,0,0,0,1,0,0,0,0,0,0,0,0,0,0,,FALSE
re,7,V,TRUE,0,0,0,0,0,0,0,0,0,0,0,0,0,0,0,0,0,0,,FALSE
registration,7,N,TRUE,1,0,0,0,0,0,0,0,0,1,1,0,0,0,0,0,0,0,,FALSE
second,7,N,TRUE,0,0,0,0,0,0,0,0,0,0,0,0,0,0,0,0,0,0,,FALSE
select,7,V,TRUE,0,0,0,0,0,0,1,0,0,1,1,0,0,0,0,0,0,0,,FALSE
task,7,N,TRUE,0,0,0,0,0,0,0,0,0,0,0,0,0,0,0,0,0,0,,FALSE
way,7,N,TRUE,0,0,0,0,0,0,0,0,0,0,0,0,0,0,0,0,0,0,,FALSE
reuser,7,N,TRUE,0,0,0,0,0,0,0,0,0,0,0,0,0,0,0,0,0,0,,TRUE
import,6,V,FALSE,0,0,0,0,0,0,0,1,0,0,0,0,0,0,0,0,0,1,,FALSE
require,6,V,FALSE,0,0,0,0,0,0,1,1,0,0,0,0,0,0,0,0,0,0,,FALSE
resource,6,N,FALSE,0,0,0,0,0,0,0,0,0,0,0,0,0,0,0,0,0,0,,FALSE
test,6,V,FALSE,0,0,0,0,0,0,0,0,0,0,0,0,0,0,0,0,0,0,,FALSE
tool,6,N,FALSE,0,0,0,0,0,0,1,1,0,0,0,0,0,0,0,0,0,1,,FALSE
begin,6,V,TRUE,0,0,0,0,0,0,0,0,0,0,0,0,0,0,0,0,0,0,,FALSE
charge,6,V,TRUE,0,0,0,0,0,0,1,1,0,0,0,0,0,0,0,0,0,0,,FALSE
child,6,N,TRUE,0,0,0,0,0,0,0,0,0,0,0,0,0,0,0,0,0,0,,FALSE
citation,6,N,TRUE,0,0,0,0,0,0,0,0,0,0,0,0,0,0,0,0,0,0,,FALSE
description,6,N,TRUE,0,0,0,0,0,0,0,0,0,0,0,0,0,0,0,0,0,0,,FALSE
discover,6,V,TRUE,0,0,0,0,0,0,0,0,0,0,0,0,0,0,0,0,0,0,,FALSE
estimator,6,N,TRUE,0,0,0,0,0,0,0,0,0,0,0,0,0,0,0,0,0,0,,FALSE
feature,6,N,TRUE,0,0,0,0,0,0,1,1,0,0,0,0,0,0,0,0,0,0,,FALSE
follow,6,V,TRUE,0,0,0,0,0,0,0,0,0,0,0,0,0,0,0,0,0,0,,FALSE
future,6,N,TRUE,0,0,0,0,0,0,0,0,0,0,0,0,0,0,0,0,0,0,,FALSE
generate,6,V,TRUE,0,0,0,0,0,0,0,0,0,0,0,0,0,0,0,0,0,0,,FALSE
identify,6,V,TRUE,0,0,0,0,0,0,0,1,0,1,0,0,0,0,0,0,0,0,,FALSE
job,6,N,TRUE,0,0,0,0,0,0,0,0,0,0,0,0,0,0,0,0,0,0,,FALSE
load,6,V,TRUE,0,0,0,0,0,0,0,1,0,0,0,0,0,0,0,1,0,1,,FALSE
look,6,V,TRUE,0,0,0,0,0,0,0,0,0,0,0,0,0,0,0,0,0,0,,FALSE
output,6,N,TRUE,0,0,0,0,0,0,1,0,0,0,1,0,0,0,0,0,0,0,,FALSE
password,6,N,TRUE,1,0,0,0,1,0,0,0,0,1,0,0,0,0,1,1,0,0,,FALSE
people,6,N,TRUE,0,0,0,0,0,0,0,0,0,0,0,0,0,0,0,0,0,0,,FALSE
prepare,6,V,TRUE,0,0,0,0,0,0,0,0,0,0,0,0,0,0,0,0,0,0,,FALSE
registry,6,N,TRUE,0,1,0,0,0,0,1,1,1,0,0,0,0,0,0,1,0,1,,FALSE
remain,6,V,TRUE,0,0,0,0,0,0,0,0,0,0,0,0,0,0,0,0,0,0,,FALSE
sense,6,N,TRUE,0,0,0,0,0,0,0,0,0,0,0,0,0,0,0,0,0,0,,FALSE
connect,5,V,FALSE,0,0,0,0,0,0,0,0,0,0,0,0,0,0,0,0,0,0,,FALSE
management,5,N,FALSE,0,0,0,0,0,0,0,0,1,1,0,0,0,0,0,0,0,0,,FALSE
modify,5,V,FALSE,1,1,0,0,0,0,1,0,1,1,0,0,0,0,0,0,0,1,,FALSE
process,5,N,FALSE,0,0,0,0,0,0,1,1,0,0,0,0,0,0,0,0,0,0,,FALSE
produce,5,V,FALSE,0,0,0,0,0,0,0,0,0,0,0,0,0,0,0,0,0,0,,FALSE
staff,5,N,FALSE,0,1,0,0,0,0,1,1,1,0,0,0,0,0,0,0,0,0,,FALSE
url,5,N,FALSE,0,0,0,0,0,0,0,1,0,0,1,0,0,0,0,0,0,1,,FALSE
web,5,N,FALSE,0,1,1,1,1,1,1,1,1,1,1,0,0,0,0,1,0,1,,FALSE
workflow,5,N,FALSE,0,1,0,0,0,0,1,1,1,0,0,0,0,0,0,0,0,1,,FALSE
ad,5,N,TRUE,0,0,0,0,0,0,0,0,0,0,0,0,0,0,0,0,0,0,,FALSE
badcamp,5,N,TRUE,0,0,0,0,0,0,0,0,0,0,0,0,0,0,0,0,0,0,,FALSE
card,5,N,TRUE,0,1,1,1,0,0,0,0,0,0,0,0,0,0,0,0,0,0,,FALSE
click,5,V,TRUE,0,0,0,0,0,0,0,0,0,0,0,0,0,0,0,0,0,0,,FALSE
company,5,N,TRUE,0,0,0,0,0,0,0,0,0,0,0,0,0,0,0,0,0,0,,FALSE
complete,5,V,TRUE,0,0,0,0,0,0,0,0,0,0,0,0,0,0,0,0,0,0,,FALSE
continue,5,V,TRUE,0,0,0,0,0,0,0,0,0,0,0,0,0,0,0,0,0,0,,FALSE
cost,5,N,TRUE,0,0,0,0,0,0,1,1,0,0,0,0,0,0,0,0,0,0,,FALSE
deliver,5,V,TRUE,0,0,0,0,0,0,0,0,0,0,0,0,0,0,0,0,0,0,,FALSE
digitize,5,V,TRUE,0,0,0,0,0,0,0,0,0,0,0,0,0,0,0,0,0,0,,FALSE
discuss,5,V,TRUE,0,0,0,0,0,0,0,0,0,0,0,0,0,0,0,0,0,0,,FALSE
exist,5,V,TRUE,0,0,0,0,0,0,0,0,0,0,0,0,0,0,0,0,0,0,,FALSE
facility,5,N,TRUE,0,0,0,0,0,0,0,0,0,0,0,0,0,0,0,0,0,0,,FALSE
feel,5,V,TRUE,0,0,0,0,0,0,0,0,0,0,0,0,0,0,0,0,0,0,,FALSE
help,5,V,TRUE,0,0,0,0,0,0,0,0,0,1,1,0,0,0,0,0,0,0,,FALSE
impact,5,N,TRUE,0,0,0,0,0,0,0,0,0,0,0,0,0,0,0,0,0,0,,FALSE
issue,5,N,TRUE,0,0,0,0,0,0,0,0,0,0,0,0,0,0,0,0,0,0,,FALSE
kid,5,N,TRUE,0,0,0,0,0,0,0,0,0,0,0,0,0,0,0,0,0,0,,FALSE
kind,5,N,TRUE,0,0,0,0,0,0,0,0,0,0,0,0,0,0,0,0,0,0,,FALSE
listing,5,N,TRUE,0,0,0,0,0,0,0,0,0,1,1,0,0,0,0,0,0,0,,FALSE
move,5,V,TRUE,0,0,0,0,0,0,0,0,0,0,0,0,0,0,0,0,0,0,,FALSE
play,5,V,TRUE,0,0,0,0,0,0,0,0,0,0,0,0,0,0,0,0,0,0,,FALSE
promote,5,V,TRUE,0,0,0,0,0,0,0,0,0,0,0,0,0,0,0,0,0,0,,FALSE
recycling,5,N,TRUE,0,0,0,0,0,0,0,0,0,0,0,0,0,0,0,0,0,0,,FALSE
responsibility,5,N,TRUE,0,0,0,0,0,0,0,0,0,0,0,0,0,0,0,0,0,0,,FALSE
review,5,V,TRUE,0,0,0,0,0,0,0,0,0,0,0,0,0,0,0,0,0,0,,FALSE
right,5,N,TRUE,0,0,0,0,0,0,0,0,0,0,0,0,0,0,0,0,0,0,,FALSE
round,5,N,TRUE,0,0,0,0,0,0,0,0,0,0,0,0,0,0,0,0,0,0,,FALSE
step,5,N,TRUE,0,0,0,0,0,0,0,0,0,0,0,0,0,0,0,0,0,0,,FALSE
tag,5,V,TRUE,0,0,0,0,0,0,0,0,0,0,0,0,0,0,0,0,0,0,,FALSE
thing,5,N,TRUE,0,0,0,0,0,0,0,0,0,0,0,0,0,0,0,0,0,0,,FALSE
payment,4,N,TRUE,0,0,0,0,1,1,1,1,1,1,1,0,0,1,1,0,0,1,,FALSE
action,4,N,FALSE,0,0,0,0,0,0,1,0,0,0,1,0,0,0,0,0,0,0,,FALSE
deploy,4,V,FALSE,0,1,0,0,0,0,0,0,0,0,0,0,0,0,0,0,0,0,,FALSE
perform,4,V,FALSE,0,0,0,0,0,0,0,0,0,0,1,0,0,0,0,0,0,0,,FALSE
priority,4,N,FALSE,0,0,0,0,0,0,1,0,1,0,0,0,0,0,0,0,0,0,,FALSE
recommendation,4,N,FALSE,0,0,0,0,0,0,0,0,0,0,1,0,0,0,0,0,0,0,,FALSE
status,4,N,FALSE,0,0,0,0,0,0,0,1,0,0,1,0,0,0,0,0,0,1,,FALSE
usage,4,N,FALSE,0,0,0,0,0,0,1,1,0,0,0,0,0,0,0,1,0,0,,FALSE
visitor,4,N,FALSE,1,0,0,0,1,0,0,1,0,1,0,0,0,0,0,0,0,0,,FALSE
address,4,N,TRUE,0,0,0,0,0,0,0,0,0,0,0,0,0,0,0,0,0,0,,FALSE
api,4,N,TRUE,0,0,0,0,0,0,0,1,0,0,0,0,0,0,0,0,0,0,,FALSE
app,4,N,TRUE,0,1,0,0,1,1,1,1,0,1,1,0,0,0,1,0,0,1,,FALSE
apply,4,V,TRUE,0,0,0,0,0,0,0,0,0,1,0,0,0,0,0,0,0,0,,FALSE
attend,4,V,TRUE,0,0,0,0,0,0,0,0,0,0,0,0,0,0,0,0,0,0,,FALSE
attendance,4,N,TRUE,0,0,0,0,0,0,0,0,0,0,0,0,0,0,0,0,0,0,,FALSE
base,4,V,TRUE,0,0,0,0,0,0,0,0,0,0,0,0,0,0,0,0,0,0,,FALSE
blog,4,N,TRUE,0,0,0,0,0,0,1,1,0,1,1,0,0,0,0,1,0,0,,FALSE
cite,4,V,TRUE,0,0,0,0,0,0,0,0,0,0,0,0,0,0,0,0,0,0,,FALSE
confirm,4,V,TRUE,1,0,0,0,0,0,1,0,0,1,0,0,0,0,0,0,0,0,,FALSE
consent,4,N,TRUE,0,0,0,0,0,0,1,1,0,0,0,0,0,0,0,0,0,0,,FALSE
consumer,4,N,TRUE,0,0,0,0,1,0,0,1,0,1,0,0,0,0,0,0,0,1,,FALSE
demonstrate,4,V,TRUE,0,0,0,0,0,0,0,0,0,0,1,0,0,0,0,0,0,0,,FALSE
document,4,N,TRUE,0,0,0,0,0,0,1,1,0,0,0,0,0,0,0,0,0,0,,FALSE
doi,4,N,FALSE,0,0,0,0,0,0,0,0,0,0,0,0,0,0,0,0,0,0,,FALSE
encourage,4,V,TRUE,0,0,0,0,0,0,0,0,0,0,0,0,0,0,0,0,0,0,,FALSE
environment,4,N,TRUE,0,0,0,0,0,0,1,1,0,1,1,0,0,0,0,0,0,1,,FALSE
evaluate,4,V,TRUE,0,0,0,0,0,0,0,0,0,0,1,0,0,0,0,0,0,0,,FALSE
example,4,N,TRUE,0,0,0,0,0,0,0,0,0,0,0,0,0,0,0,0,0,0,,FALSE
experience,4,N,TRUE,0,0,0,0,0,0,0,0,0,0,0,0,0,0,0,0,0,0,,FALSE
fabs,4,N,TRUE,0,0,0,0,0,0,0,0,0,0,0,0,0,0,0,0,0,0,,FALSE
fill,4,V,TRUE,0,0,0,0,0,0,0,0,0,1,1,0,0,0,0,0,0,0,,FALSE
fix,4,V,TRUE,0,0,0,0,0,0,1,0,0,0,0,0,0,0,0,0,0,0,,FALSE
hold,4,V,TRUE,0,0,0,0,0,0,0,0,0,0,0,0,0,0,0,0,0,0,,FALSE
hypothesis,4,N,TRUE,0,0,0,0,0,0,0,0,0,0,0,0,0,0,0,0,0,0,,FALSE
implement,4,V,TRUE,0,1,0,0,0,0,0,0,0,0,0,0,0,0,0,0,0,0,,FALSE
interview,4,N,FALSE,0,0,0,0,0,0,0,0,0,1,1,0,0,0,0,0,0,0,,FALSE
mark,4,V,TRUE,0,0,0,0,0,0,0,0,0,0,0,0,0,0,0,0,0,0,,FALSE
mind,4,N,TRUE,0,0,0,0,0,0,0,0,0,0,0,0,0,0,0,0,0,0,,FALSE
paper,4,N,TRUE,0,0,0,0,0,0,0,0,0,0,0,0,0,0,0,0,0,0,,FALSE
party,4,N,TRUE,0,0,0,0,0,0,0,0,0,0,0,0,0,0,0,0,0,0,,FALSE
pay,4,V,TRUE,0,0,0,0,1,1,1,1,1,1,1,0,0,1,1,0,0,1,,FALSE
period,4,N,TRUE,0,0,0,0,0,0,0,0,0,0,0,0,0,0,0,0,0,0,,FALSE
point,4,N,TRUE,0,0,0,0,0,0,0,0,0,0,0,0,0,0,0,0,0,0,,FALSE
preserve,4,V,TRUE,0,0,0,0,0,0,0,0,0,0,0,0,0,0,0,0,0,0,,FALSE
quality,4,N,TRUE,0,0,0,0,0,0,0,0,0,0,0,0,0,0,0,0,0,0,,FALSE
question,4,N,TRUE,0,0,0,0,0,0,0,0,0,1,1,0,0,0,0,0,0,0,,FALSE
recruit,4,V,TRUE,0,0,0,0,0,0,0,0,0,0,0,0,0,0,0,0,0,0,,FALSE
reference,4,N,FALSE,0,0,0,0,0,0,0,0,0,0,0,0,0,0,0,0,0,0,,FALSE
reflect,4,V,TRUE,0,0,0,0,0,0,0,0,0,0,0,0,0,0,0,0,0,0,,FALSE
room,4,N,TRUE,0,0,0,0,0,0,0,0,0,0,0,0,0,0,0,0,0,0,,FALSE
rule,4,N,TRUE,0,0,0,0,0,0,0,0,1,0,0,0,0,0,0,0,0,0,,FALSE
send,4,V,TRUE,0,0,0,0,1,0,0,0,0,1,1,0,0,0,0,0,0,0,,FALSE
spreadsheet,4,N,FALSE,0,0,0,0,0,0,0,0,0,0,1,0,0,0,0,1,0,0,,FALSE
stay,4,V,TRUE,0,0,0,0,0,0,0,0,0,0,0,0,0,0,0,0,0,0,,FALSE
term,4,N,TRUE,0,0,0,0,0,0,0,0,0,0,0,0,0,0,0,0,0,0,,FALSE
text,4,N,TRUE,0,0,0,0,0,0,0,0,0,1,1,0,0,0,1,0,0,0,,FALSE
title,4,N,TRUE,0,0,0,0,0,0,0,0,0,1,1,0,0,0,1,0,0,0,,FALSE
topic,4,N,FALSE,0,0,0,0,0,0,0,0,0,0,0,0,0,0,0,0,0,0,,FALSE
waste,4,N,FALSE,0,0,0,0,0,0,0,0,0,0,0,0,0,0,0,0,0,0,,FALSE
write,4,V,FALSE,0,0,0,0,0,0,1,0,0,1,1,0,0,0,0,1,0,0,,FALSE
year,4,N,FALSE,0,0,0,0,0,0,0,0,0,0,0,0,0,0,0,0,0,0,,FALSE
calculate,3,V,FALSE,0,0,0,0,0,0,0,0,0,0,1,0,0,0,0,0,0,0,,FALSE
compare,3,V,FALSE,0,0,0,0,0,0,0,1,0,0,1,0,0,0,0,0,0,0,,FALSE
custom,3,N,FALSE,0,0,0,0,0,0,0,0,0,0,0,0,0,0,0,0,0,0,,FALSE
display,3,V,FALSE,0,0,0,0,0,0,0,0,0,0,1,0,0,0,0,0,0,0,,FALSE
expertise,3,N,FALSE,0,0,0,0,0,0,1,0,0,0,0,0,0,0,0,0,0,0,,FALSE
join,3,V,FALSE,0,0,0,0,0,0,0,0,0,0,0,0,0,0,0,0,0,0,,FALSE
match,3,V,FALSE,0,0,0,0,0,0,1,0,0,0,0,0,0,0,0,0,0,0,,FALSE
node,3,N,FALSE,0,0,0,0,0,0,0,1,0,0,0,0,0,0,0,0,0,1,,FALSE
outcome,3,N,FALSE,0,0,0,0,0,0,0,0,0,0,1,0,0,0,0,0,0,0,,FALSE
overwrite,3,V,FALSE,0,0,0,0,0,0,1,0,0,0,0,0,0,0,0,1,0,0,,FALSE
protect,3,V,FALSE,0,1,0,0,0,0,1,1,0,0,0,0,0,0,0,0,0,0,,FALSE
reuse,3,V,FALSE,0,0,0,0,0,0,1,1,0,0,0,0,0,0,0,0,0,0,,FALSE
run,3,V,FALSE,0,0,0,0,0,0,0,0,0,0,0,0,0,0,0,0,0,0,,FALSE
schema,3,N,FALSE,0,0,0,0,0,0,0,1,0,0,0,1,0,1,1,0,0,1,,FALSE
software,3,N,FALSE,0,0,0,0,0,0,1,1,0,0,0,0,0,0,0,0,0,1,,FALSE
stakeholder,3,N,FALSE,0,0,0,0,0,0,0,0,0,0,0,0,0,0,0,0,0,0,,FALSE
testing,3,N,FALSE,0,0,0,0,0,0,1,1,0,1,1,0,0,0,0,0,0,0,,FALSE
visit,3,V,FALSE,0,0,0,0,0,0,0,0,0,1,1,0,0,0,0,0,0,1,,FALSE
download,3,N,TRUE,0,0,0,0,0,0,1,1,0,1,0,0,0,0,0,1,1,1,,FALSE
preview,3,N,FALSE,0,0,0,0,0,0,0,0,0,1,1,0,0,0,0,0,0,0,,FALSE
ability,3,N,TRUE,0,0,0,0,0,0,0,0,0,0,0,0,0,0,0,0,0,0,,FALSE
agree,3,V,TRUE,0,0,0,0,0,0,0,0,0,0,0,0,0,0,0,0,0,0,,FALSE
approval,3,N,TRUE,0,0,0,0,0,0,1,0,0,1,1,0,0,0,0,1,0,0,,FALSE
behalf,3,N,TRUE,0,0,0,0,0,0,0,0,0,0,0,0,0,0,0,0,0,0,,FALSE
body,3,N,TRUE,0,0,0,0,0,0,0,0,0,0,0,0,0,0,0,0,0,0,,FALSE
brand,3,N,TRUE,0,0,0,0,0,0,0,0,0,0,0,0,0,0,0,0,0,0,,FALSE
break,3,V,TRUE,0,0,0,0,0,0,1,0,0,0,0,0,0,0,0,0,0,0,,FALSE
browse,3,V,TRUE,0,0,0,0,0,0,0,0,0,1,1,0,0,0,0,0,0,1,,FALSE
clutter,3,N,TRUE,0,0,0,0,0,0,0,0,0,0,0,0,0,0,0,0,0,0,,FALSE
conduct,3,V,TRUE,0,0,0,0,0,0,1,1,1,0,1,0,0,0,0,0,0,0,,FALSE
contact,3,V,TRUE,0,0,0,0,0,0,0,1,0,0,1,0,0,0,0,0,0,0,,FALSE
copy,3,V,TRUE,0,0,0,0,0,0,1,0,0,0,1,0,0,0,0,1,0,0,,FALSE
correct,3,V,TRUE,0,0,0,0,0,0,1,0,0,0,0,0,0,0,0,0,0,0,,FALSE
depend,3,V,TRUE,0,0,0,0,0,0,0,1,0,0,0,0,0,0,0,0,0,0,,FALSE
engage,3,V,TRUE,0,0,0,0,0,0,1,0,0,0,0,0,0,0,0,0,0,0,,FALSE
enroll,3,V,TRUE,1,0,0,0,0,0,0,0,0,1,0,0,0,0,0,0,0,0,,FALSE
facilitate,3,V,TRUE,0,0,0,0,0,0,1,0,0,0,1,0,0,0,0,0,0,0,,FALSE
fail,3,V,TRUE,0,0,0,0,0,0,1,1,0,0,0,0,0,0,0,0,0,0,,FALSE
feedback,3,N,TRUE,0,0,0,0,0,0,1,0,0,0,1,0,0,0,0,0,0,0,,FALSE
fulfil,3,V,TRUE,0,0,0,0,0,0,0,0,0,0,0,0,0,0,0,0,0,0,,FALSE
funder,3,N,TRUE,0,0,0,0,0,0,0,0,0,0,0,0,0,0,0,0,0,0,,FALSE
hearing,3,N,TRUE,0,0,0,0,0,0,0,0,0,0,0,0,0,0,0,0,0,0,,FALSE
hour,3,N,TRUE,0,0,0,0,0,0,0,0,0,0,0,0,0,0,0,0,0,0,,FALSE
indicate,3,V,TRUE,0,0,0,0,0,0,0,0,0,0,0,0,0,0,0,0,0,0,,FALSE
inform,3,V,TRUE,0,0,0,0,0,0,0,1,0,0,1,0,0,0,0,0,0,0,,FALSE
intend,3,V,TRUE,0,0,0,0,0,0,0,0,0,0,0,0,0,0,0,0,0,0,,FALSE
invite,3,V,TRUE,0,0,0,0,0,0,0,0,0,1,0,0,0,0,0,0,0,0,,FALSE
log,3,V,TRUE,0,0,0,0,0,0,0,1,0,0,0,0,0,0,0,1,0,0,,FALSE
medium,3,N,TRUE,0,0,0,0,0,0,0,0,0,0,0,0,0,0,0,0,0,0,,FALSE
meet,3,V,TRUE,0,0,0,0,0,0,0,0,1,1,0,0,0,0,0,1,0,0,,FALSE
number,3,N,TRUE,0,0,0,0,0,0,0,0,0,0,0,0,0,0,0,0,0,0,,FALSE
participant,3,N,TRUE,0,0,0,0,0,0,0,0,0,0,0,0,0,0,0,0,0,0,,FALSE
person,3,N,TRUE,0,0,0,0,0,0,0,0,0,0,0,0,0,0,0,0,0,0,,FALSE
photo,3,N,TRUE,0,0,0,0,0,0,0,0,0,1,1,0,0,0,0,0,0,0,,FALSE
picture,3,N,TRUE,0,0,0,0,0,0,0,0,0,1,1,0,0,0,0,0,0,0,,FALSE
present,3,V,TRUE,0,0,0,0,0,0,1,0,0,0,1,0,0,0,0,0,0,0,,FALSE
put,3,V,TRUE,0,0,0,0,0,0,1,1,0,1,1,0,0,0,0,0,0,1,,FALSE
reading,3,N,TRUE,0,0,0,0,0,0,0,1,0,0,1,0,0,0,0,0,0,1,,FALSE
stop,3,V,TRUE,0,0,0,0,0,0,0,0,0,0,0,0,0,0,0,0,0,0,,FALSE
summary,3,N,TRUE,0,0,0,0,0,0,0,0,0,0,1,0,0,0,0,0,0,0,,FALSE
technology,3,N,TRUE,0,0,0,0,0,0,0,0,0,0,0,0,0,0,0,0,0,0,,FALSE
think,3,V,TRUE,0,0,0,0,0,0,0,0,0,0,0,0,0,0,0,0,0,0,,FALSE
usefulness,3,N,TRUE,0,0,0,0,0,0,0,0,0,0,0,0,0,0,0,0,0,0,,FALSE
want,3,V,TRUE,0,0,0,0,0,0,0,0,0,0,0,0,0,0,0,0,0,0,,FALSE
trainee,3,N,TRUE,0,0,0,0,1,1,0,0,0,0,0,0,0,0,0,0,0,0,,TRUE
trust,2,N,FALSE,0,1,0,0,0,0,1,1,0,0,0,0,0,0,0,0,0,0,,FALSE
edit,2,N,TRUE,0,1,0,0,0,0,1,1,1,1,0,0,0,0,0,1,0,0,,FALSE
coordinator,2,N,TRUE,0,0,0,0,0,0,1,0,1,0,0,0,0,0,0,0,0,0,,FALSE
editor,2,N,TRUE,0,0,0,0,0,0,0,0,0,0,0,0,0,0,0,0,0,0,,FALSE
export,2,V,FALSE,0,0,0,0,0,0,1,0,0,0,1,0,0,0,0,1,0,1,,FALSE
lifecycle,2,N,TRUE,0,0,0,0,0,0,0,0,0,0,0,0,0,0,0,0,0,0,,FALSE
like,2,V,TRUE,0,0,0,0,0,0,0,0,0,0,0,0,0,0,0,0,0,0,,FALSE
manager,2,N,TRUE,0,1,0,0,0,0,1,1,1,0,0,0,0,0,0,0,0,0,,FALSE
need,2,N,TRUE,0,0,0,0,0,0,0,0,0,0,0,0,0,0,0,0,0,0,,FALSE
policy,2,N,TRUE,0,0,0,0,0,0,0,0,0,0,0,0,0,0,0,0,0,0,,FALSE
build,1,V,TRUE,0,1,0,0,1,1,1,1,1,1,1,0,0,0,0,0,0,1,,FALSE
clear,1,V,TRUE,0,0,0,0,1,1,0,1,0,1,1,0,0,0,0,1,0,0,,FALSE
authenticate,1,V,TRUE,1,1,1,1,1,1,0,1,0,1,0,0,0,0,0,0,0,1,,FALSE
credential,1,N,TRUE,1,1,0,0,1,1,1,1,1,1,0,0,0,0,0,0,0,1,,FALSE
customer,1,N,TRUE,0,0,0,0,1,1,0,1,1,1,1,0,0,0,0,0,0,1,,FALSE
personalize,1,V,TRUE,0,0,0,0,0,0,1,1,0,0,0,0,0,0,0,1,0,1,,FALSE
concept,1,V,TRUE,0,0,0,0,0,0,0,0,0,0,0,0,0,0,0,0,0,0,,FALSE
admin,1,V,TRUE,0,1,0,0,0,1,1,1,1,1,0,0,0,0,0,1,0,1,,FALSE
developer,1,N,TRUE,0,0,0,0,0,0,0,0,0,0,0,0,0,0,0,0,0,0,,FALSE
house,1,V,TRUE,0,0,0,0,0,0,0,0,0,0,0,0,0,0,0,0,0,0,,FALSE
https://data.mendeley.com/,1,N,TRUE,0,0,0,0,0,0,0,0,0,0,0,0,0,0,0,0,0,0,,FALSE
insert,1,V,TRUE,0,0,0,0,0,0,0,0,0,1,0,0,0,0,0,0,0,0,,FALSE
minimum,1,N,TRUE,0,0,0,0,0,0,0,0,0,0,0,0,0,0,0,0,0,0,,FALSE
money,1,N,TRUE,0,0,0,0,1,0,1,1,0,1,1,0,0,0,0,0,0,1,,FALSE
music,1,N,TRUE,0,0,0,0,0,0,0,0,0,0,0,0,0,0,0,0,0,0,,FALSE
notice,1,V,TRUE,0,0,0,0,0,0,0,0,0,0,0,0,0,0,0,0,0,0,,FALSE
opinion,1,N,TRUE,0,0,0,0,0,0,0,0,0,0,0,0,0,0,0,0,0,0,,FALSE
recruiter,1,N,TRUE,0,0,0,0,0,0,0,0,0,0,0,0,0,0,0,0,0,0,,FALSE
redesign,1,V,TRUE,0,0,0,0,0,0,0,0,0,0,0,0,0,0,0,0,0,0,,FALSE
government,1,N,TRUE,0,0,0,0,0,0,0,0,1,0,0,0,0,0,0,0,0,0,,TRUE
head,1,N,TRUE,1,1,0,0,1,1,0,0,1,0,0,0,0,0,0,0,0,0,,TRUE