palavra,QE1,QE2,QE3,QE4,QE5,QE6,QE7,QE8,QE9,QE10,QE11,QE12,QE13,QE14,QE15,QE16,QE17,QE18,Total,NOVO
data,0,0,0,0,0,1,0,1,0,1,1,1,0,1,1,1,1,1,0,0
datum,0,0,0,0,0,1,0,1,0,1,1,1,0,1,1,1,1,1,0,0
site,0,1,0,0,1,1,0,0,1,1,1,0,0,0,0,0,0,1,0,0
sited,0,1,0,0,1,1,0,0,1,1,1,0,0,0,0,0,0,1,0,0
sites,0,1,0,0,1,1,0,0,1,1,1,0,0,0,0,0,0,1,0,0
siting,0,1,0,0,1,1,0,0,1,1,1,0,0,0,0,0,0,1,0,0
member,1,1,0,0,1,1,1,0,1,1,0,0,0,0,0,0,0,0,0,0
members,1,1,0,0,1,1,1,0,1,1,0,0,0,0,0,0,0,0,0,0
use,0,0,0,0,0,0,0,1,0,1,0,0,0,0,0,0,0,1,0,0
used,0,0,0,0,0,0,0,1,0,1,0,0,0,0,0,0,0,1,0,0
uses,0,0,0,0,0,0,0,1,0,1,0,0,0,0,0,0,0,1,0,0
using,0,0,0,0,0,0,0,1,0,1,0,0,0,0,0,0,0,1,0,0
saw,0,0,0,0,1,0,0,0,0,0,1,0,0,0,0,0,0,0,0,0
see,0,0,0,0,1,0,0,0,0,0,1,0,0,0,0,0,0,0,0,0
seeing,0,0,0,0,1,0,0,0,0,0,1,0,0,0,0,0,0,0,0,0
seen,0,0,0,0,1,0,0,0,0,0,1,0,0,0,0,0,0,0,0,0
sees,0,0,0,0,1,0,0,0,0,0,1,0,0,0,0,0,0,0,0,0
knew,0,0,0,0,0,0,0,0,0,0,0,0,0,0,0,0,0,0,0,0
know,0,0,0,0,0,0,0,0,0,0,0,0,0,0,0,0,0,0,0,0
knowing,0,0,0,0,0,0,0,0,0,0,0,0,0,0,0,0,0,0,0,0
known,0,0,0,0,0,0,0,0,0,0,0,0,0,0,0,0,0,0,0,0
knows,0,0,0,0,0,0,0,0,0,0,0,0,0,0,0,0,0,0,0,0
user,1,1,0,0,0,0,1,1,0,0,0,0,0,0,0,0,0,0,0,0
users,1,1,0,0,0,0,1,1,0,0,0,0,0,0,0,0,0,0,0,0
research,0,0,0,0,0,0,0,1,0,1,1,0,0,0,0,0,0,1,0,0
researched,0,0,0,0,0,0,0,1,0,1,1,0,0,0,0,0,0,1,0,0
researches,0,0,0,0,0,0,0,1,0,1,1,0,0,0,0,0,0,1,0,0
researching,0,0,0,0,0,0,0,1,0,1,1,0,0,0,0,0,0,1,0,0
access,1,1,0,0,1,0,1,1,1,1,1,0,0,0,0,0,0,1,0,0
accessed,1,1,0,0,1,0,1,1,1,1,1,0,0,0,0,0,0,1,0,0
accesses,1,1,0,0,1,0,1,1,1,1,1,0,0,0,0,0,0,1,0,0
accessing,1,1,0,0,1,0,1,1,1,1,1,0,0,0,0,0,0,1,0,0
dataset,0,0,0,0,0,0,0,1,0,0,0,0,0,1,0,0,0,0,0,0
datasets,0,0,0,0,0,0,0,1,0,0,0,0,0,1,0,0,0,0,0,0
get,0,0,0,0,0,0,0,1,0,1,1,0,0,0,0,0,0,1,0,0
gets,0,0,0,0,0,0,0,1,0,1,1,0,0,0,0,0,0,1,0,0
getting,0,0,0,0,0,0,0,1,0,1,1,0,0,0,0,0,0,1,0,0
got,0,0,0,0,0,0,0,1,0,1,1,0,0,0,0,0,0,1,0,0
information,0,0,0,0,0,0,0,1,0,1,1,0,0,0,0,1,0,1,0,0
informations,0,0,0,0,0,0,0,1,0,1,1,0,0,0,0,1,0,1,0,0
administrator,1,1,0,0,1,1,1,0,1,0,0,0,0,0,0,1,0,1,0,1
administrators,1,1,0,0,1,1,1,0,1,0,0,0,0,0,0,1,0,1,0,1
page,0,0,0,0,1,0,0,1,0,1,1,0,0,0,0,1,0,1,0,0
paged,0,0,0,0,1,0,0,1,0,1,1,0,0,0,0,1,0,1,0,0
pages,0,0,0,0,1,0,0,1,0,1,1,0,0,0,0,1,0,1,0,0
paging,0,0,0,0,1,0,0,1,0,1,1,0,0,0,0,1,0,1,0,0
project,0,0,0,0,0,0,0,0,0,0,0,0,0,0,0,0,0,0,0,0
projected,0,0,0,0,0,0,0,0,0,0,0,0,0,0,0,0,0,0,0,0
projecting,0,0,0,0,0,0,0,0,0,0,0,0,0,0,0,0,0,0,0,0
projects,0,0,0,0,0,0,0,0,0,0,0,0,0,0,0,0,0,0,0,0
create,1,1,0,0,0,0,1,0,0,0,0,0,0,0,0,0,0,0,0,0
created,1,1,0,0,0,0,1,0,0,0,0,0,0,0,0,0,0,0,0,0
creates,1,1,0,0,0,0,1,0,0,0,0,0,0,0,0,0,0,0,0,0
creating,1,1,0,0,0,0,1,0,0,0,0,0,0,0,0,0,0,0,0,0
item,0,0,0,0,0,0,1,1,0,1,1,0,0,0,0,0,0,1,0,0
itemed,0,0,0,0,0,0,1,1,0,1,1,0,0,0,0,0,0,1,0,0
iteming,0,0,0,0,0,0,1,1,0,1,1,0,0,0,0,0,0,1,0,0
items,0,0,0,0,0,0,1,1,0,1,1,0,0,0,0,0,0,1,0,0
file,0,0,0,0,0,0,1,1,0,0,0,0,0,1,0,1,1,1,0,0
filed,0,0,0,0,0,0,1,1,0,0,0,0,0,1,0,1,1,1,0,0
files,0,0,0,0,0,0,1,1,0,0,0,0,0,1,0,1,1,1,0,0
filing,0,0,0,0,0,0,1,1,0,0,0,0,0,1,0,1,1,1,0,0
package,0,0,0,0,0,0,0,1,0,0,0,0,0,1,0,0,0,0,0,0
packaged,0,0,0,0,0,0,0,1,0,0,0,0,0,1,0,0,0,0,0,0
packages,0,0,0,0,0,0,0,1,0,0,0,0,0,1,0,0,0,0,0,0
packaging,0,0,0,0,0,0,0,1,0,0,0,0,0,1,0,0,0,0,0,0
find,0,0,0,0,0,0,0,1,0,1,1,0,0,0,0,0,0,0,0,0
finding,0,0,0,0,0,0,0,1,0,1,1,0,0,0,0,0,0,0,0,0
finds,0,0,0,0,0,0,0,1,0,1,1,0,0,0,0,0,0,0,0,0
found,0,0,0,0,0,0,0,1,0,1,1,0,0,0,0,0,0,0,0,0
work,0,0,0,0,0,0,0,0,0,0,0,0,0,0,0,0,0,0,0,0
working,0,0,0,0,0,0,0,0,0,0,0,0,0,0,0,0,0,0,0,0
works,0,0,0,0,0,0,0,0,0,0,0,0,0,0,0,0,0,0,0,0
wrought,0,0,0,0,0,0,0,0,0,0,0,0,0,0,0,0,0,0,0,0
made,0,0,0,0,0,0,0,0,0,0,0,0,0,0,0,0,0,0,0,0
make,0,0,0,0,0,0,0,0,0,0,0,0,0,0,0,0,0,0,0,0
makes,0,0,0,0,0,0,0,0,0,0,0,0,0,0,0,0,0,0,0,0
making,0,0,0,0,0,0,0,0,0,0,0,0,0,0,0,0,0,0,0,0
link,0,0,0,0,0,0,1,1,0,1,1,0,0,0,0,0,0,1,0,0
linked,0,0,0,0,0,0,1,1,0,1,1,0,0,0,0,0,0,1,0,0
linking,0,0,0,0,0,0,1,1,0,1,1,0,0,0,0,0,0,1,0,0
links,0,0,0,0,0,0,1,1,0,1,1,0,0,0,0,0,0,1,0,0
view,0,0,0,0,0,0,1,1,1,0,1,0,0,0,0,0,0,0,0,0
viewed,0,0,0,0,0,0,1,1,1,0,1,0,0,0,0,0,0,0,0,0
viewing,0,0,0,0,0,0,1,1,1,0,1,0,0,0,0,0,0,0,0,0
views,0,0,0,0,0,0,1,1,1,0,1,0,0,0,0,0,0,0,0,0
collection,0,0,0,0,0,0,0,1,0,1,1,0,0,0,0,0,0,0,0,0
collections,0,0,0,0,0,0,0,1,0,1,1,0,0,0,0,0,0,0,0,0
ensure,0,0,0,0,0,0,0,0,0,0,0,0,0,0,0,0,0,0,0,0
ensured,0,0,0,0,0,0,0,0,0,0,0,0,0,0,0,0,0,0,0,0
ensures,0,0,0,0,0,0,0,0,0,0,0,0,0,0,0,0,0,0,0,0
ensuring,0,0,0,0,0,0,0,0,0,0,0,0,0,0,0,0,0,0,0,0
repositories,0,0,0,0,0,0,0,1,0,0,0,1,0,1,0,1,0,0,0,0
repository,0,0,0,0,0,0,0,1,0,0,0,1,0,1,0,1,0,0,0,0
moderator,1,1,0,0,1,1,1,0,1,0,0,0,0,0,0,1,0,1,0,1
moderators,1,1,0,0,1,1,1,0,1,0,0,0,0,0,0,1,0,1,0,1
list,0,0,0,0,0,0,0,0,0,1,1,0,0,0,0,0,0,0,0,0
listed,0,0,0,0,0,0,0,0,0,1,1,0,0,0,0,0,0,0,0,0
listing,0,0,0,0,0,0,0,0,0,1,1,0,0,0,0,0,0,0,0,0
lists,0,0,0,0,0,0,0,0,0,1,1,0,0,0,0,0,0,0,0,0
content,0,0,0,0,0,0,1,1,0,1,1,0,0,0,0,0,0,0,0,0
contented,0,0,0,0,0,0,1,1,0,1,1,0,0,0,0,0,0,0,0,0
contenting,0,0,0,0,0,0,1,1,0,1,1,0,0,0,0,0,0,0,0,0
contents,0,0,0,0,0,0,1,1,0,1,1,0,0,0,0,0,0,0,0,0
time,0,0,0,0,0,0,0,0,0,0,0,0,0,0,0,0,0,0,0,0
timed,0,0,0,0,0,0,0,0,0,0,0,0,0,0,0,0,0,0,0,0
times,0,0,0,0,0,0,0,0,0,0,0,0,0,0,0,0,0,0,0,0
timing,0,0,0,0,0,0,0,0,0,0,0,0,0,0,0,0,0,0,0,0
profile,1,1,0,0,1,0,1,1,1,1,1,0,0,0,0,1,0,0,0,0
profiled,1,1,0,0,1,0,1,1,1,1,1,0,0,0,0,1,0,0,0,0
profiles,1,1,0,0,1,0,1,1,1,1,1,0,0,0,0,1,0,0,0,0
profiling,1,1,0,0,1,0,1,1,1,1,1,0,0,0,0,1,0,0,0,0
start,0,0,0,0,0,0,0,0,0,0,0,0,0,0,0,0,0,0,0,0
started,0,0,0,0,0,0,0,0,0,0,0,0,0,0,0,0,0,0,0,0
starting,0,0,0,0,0,0,0,0,0,0,0,0,0,0,0,0,0,0,0,0
starts,0,0,0,0,0,0,0,0,0,0,0,0,0,0,0,0,0,0,0,0
estimate,0,0,0,0,0,0,0,0,0,0,0,0,0,0,0,0,0,0,0,0
estimated,0,0,0,0,0,0,0,0,0,0,0,0,0,0,0,0,0,0,0,0
estimates,0,0,0,0,0,0,0,0,0,0,0,0,0,0,0,0,0,0,0,0
estimating,0,0,0,0,0,0,0,0,0,0,0,0,0,0,0,0,0,0,0,0
gave,1,0,0,0,0,0,0,1,0,1,0,0,0,0,0,0,0,0,0,0
give,1,0,0,0,0,0,0,1,0,1,0,0,0,0,0,0,0,0,0,0
given,1,0,0,0,0,0,0,1,0,1,0,0,0,0,0,0,0,0,0,0
gives,1,0,0,0,0,0,0,1,0,1,0,0,0,0,0,0,0,0,0,0
giving,1,0,0,0,0,0,0,1,0,1,0,0,0,0,0,0,0,0,0,0
publish,0,0,0,0,0,0,1,0,1,1,1,0,0,0,0,0,0,0,0,0
published,0,0,0,0,0,0,1,0,1,1,1,0,0,0,0,0,0,0,0,0
publishes,0,0,0,0,0,0,1,0,1,1,1,0,0,0,0,0,0,0,0,0
publishing,0,0,0,0,0,0,1,0,1,1,1,0,0,0,0,0,0,0,0,0
train,0,0,0,0,0,0,0,0,0,1,1,0,0,0,0,0,0,0,0,0
trained,0,0,0,0,0,0,0,0,0,1,1,0,0,0,0,0,0,0,0,0
training,0,0,0,0,0,0,0,0,0,1,1,0,0,0,0,0,0,0,0,0
trains,0,0,0,0,0,0,0,0,0,1,1,0,0,0,0,0,0,0,0,0
faculties,0,0,0,0,0,0,0,0,0,0,0,0,0,0,0,0,0,0,0,1
faculty,0,0,0,0,0,0,0,0,0,0,0,0,0,0,0,0,0,0,0,1
application,0,0,0,0,1,1,1,1,1,1,1,0,0,0,0,1,0,1,0,0
applications,0,0,0,0,1,1,1,1,1,1,1,0,0,0,0,1,0,1,0,0
article,0,0,0,0,0,0,0,0,0,0,0,0,0,0,0,0,0,0,0,0
articled,0,0,0,0,0,0,0,0,0,0,0,0,0,0,0,0,0,0,0,0
articles,0,0,0,0,0,0,0,0,0,0,0,0,0,0,0,0,0,0,0,0
articling,0,0,0,0,0,0,0,0,0,0,0,0,0,0,0,0,0,0,0,0
search,0,0,0,0,0,0,0,1,0,1,1,0,0,0,0,0,0,0,0,0
searched,0,0,0,0,0,0,0,1,0,1,1,0,0,0,0,0,0,0,0,0
searches,0,0,0,0,0,0,0,1,0,1,1,0,0,0,0,0,0,0,0,0
searching,0,0,0,0,0,0,0,1,0,1,1,0,0,0,0,0,0,0,0,0
share,0,0,0,0,0,0,1,1,0,1,1,0,0,0,0,0,0,1,0,0
shared,0,0,0,0,0,0,1,1,0,1,1,0,0,0,0,0,0,1,0,0
shares,0,0,0,0,0,0,1,1,0,1,1,0,0,0,0,0,0,1,0,0
sharing,0,0,0,0,0,0,1,1,0,1,1,0,0,0,0,0,0,1,0,0
store,1,0,0,0,0,0,0,1,0,0,0,0,0,0,0,1,1,0,0,0
stored,1,0,0,0,0,0,0,1,0,0,0,0,0,0,0,1,1,0,0,0
stores,1,0,0,0,0,0,0,1,0,0,0,0,0,0,0,1,1,0,0,0
storing,1,0,0,0,0,0,0,1,0,0,0,0,0,0,0,1,1,0,0,0
version,0,0,0,0,0,0,0,1,0,0,1,0,0,0,0,0,0,0,0,0
versions,0,0,0,0,0,0,0,1,0,0,1,0,0,0,0,0,0,0,0,0
record,0,0,0,0,0,0,1,1,0,1,1,0,0,0,0,1,0,0,0,0
recorded,0,0,0,0,0,0,1,1,0,1,1,0,0,0,0,1,0,0,0,0
recording,0,0,0,0,0,0,1,1,0,1,1,0,0,0,0,1,0,0,0,0
records,0,0,0,0,0,0,1,1,0,1,1,0,0,0,0,1,0,0,0,0
course,0,0,0,0,0,0,0,0,0,0,0,0,0,0,0,0,0,0,0,0
coursed,0,0,0,0,0,0,0,0,0,0,0,0,0,0,0,0,0,0,0,0
courses,0,0,0,0,0,0,0,0,0,0,0,0,0,0,0,0,0,0,0,0
coursing,0,0,0,0,0,0,0,0,0,0,0,0,0,0,0,0,0,0,0,0
download,0,0,0,0,0,0,1,1,0,1,0,0,0,0,0,1,1,1,0,0
downloaded,0,0,0,0,0,0,1,1,0,1,0,0,0,0,0,1,1,1,0,0
downloading,0,0,0,0,0,0,1,1,0,1,0,0,0,0,0,1,1,1,0,0
downloads,0,0,0,0,0,0,1,1,0,1,0,0,0,0,0,1,1,1,0,0
keep,0,0,0,0,0,0,1,1,0,0,0,0,0,0,0,1,0,0,0,0
keeping,0,0,0,0,0,0,1,1,0,0,0,0,0,0,0,1,0,0,0,0
keeps,0,0,0,0,0,0,1,1,0,0,0,0,0,0,0,1,0,0,0,0
kept,0,0,0,0,0,0,1,1,0,0,0,0,0,0,0,1,0,0,0,0
other,0,0,0,0,0,0,0,0,0,0,0,0,0,0,0,0,0,0,0,0
others,0,0,0,0,0,0,0,0,0,0,0,0,0,0,0,0,0,0,0,0
depositor,1,1,0,0,1,1,1,0,0,1,1,0,0,0,0,1,0,1,0,1
depositors,1,1,0,0,1,1,1,0,0,1,1,0,0,0,0,1,0,1,0,1
check,0,0,0,0,0,0,1,1,0,1,0,0,0,0,0,0,0,0,0,0
checked,0,0,0,0,0,0,1,1,0,1,0,0,0,0,0,0,0,0,0,0
checking,0,0,0,0,0,0,1,1,0,1,0,0,0,0,0,0,0,0,0,0
checks,0,0,0,0,0,0,1,1,0,1,0,0,0,0,0,0,0,0,0,0
event,0,0,0,0,0,0,0,0,0,0,0,0,0,0,0,0,0,0,0,0
events,0,0,0,0,0,0,0,0,0,0,0,0,0,0,0,0,0,0,0,0
learn,0,0,0,0,0,0,0,0,0,1,1,0,0,0,0,0,0,0,0,0
learned,0,0,0,0,0,0,0,0,0,1,1,0,0,0,0,0,0,0,0,0
learning,0,0,0,0,0,0,0,0,0,1,1,0,0,0,0,0,0,0,0,0
learns,0,0,0,0,0,0,0,0,0,1,1,0,0,0,0,0,0,0,0,0
system,0,1,0,0,1,1,1,1,1,1,1,0,0,0,0,1,0,1,0,0
systems,0,1,0,0,1,1,1,1,1,1,1,0,0,0,0,1,0,1,0,0
website,0,1,0,0,1,1,0,1,1,1,1,0,0,0,0,0,0,1,0,0
websites,0,1,0,0,1,1,0,1,1,1,1,0,0,0,0,0,0,1,0,0
add,0,0,0,0,0,0,1,0,0,1,1,0,0,0,0,0,0,0,0,0
added,0,0,0,0,0,0,1,0,0,1,1,0,0,0,0,0,0,0,0,0
adding,0,0,0,0,0,0,1,0,0,1,1,0,0,0,0,0,0,0,0,0
adds,0,0,0,0,0,0,1,0,0,1,1,0,0,0,0,0,0,0,0,0
read,0,0,0,0,0,0,0,1,0,0,1,0,0,0,0,0,0,1,0,0
reading,0,0,0,0,0,0,0,1,0,0,1,0,0,0,0,0,0,1,0,0
reads,0,0,0,0,0,0,0,1,0,0,1,0,0,0,0,0,0,1,0,0
report,0,0,0,0,0,0,1,0,0,0,1,0,0,0,0,0,0,0,0,0
reported,0,0,0,0,0,0,1,0,0,0,1,0,0,0,0,0,0,0,0,0
reporting,0,0,0,0,0,0,1,0,0,0,1,0,0,0,0,0,0,0,0,0
reports,0,0,0,0,0,0,1,0,0,0,1,0,0,0,0,0,0,0,0,0
deposit,0,0,0,0,0,0,1,1,0,1,0,0,0,0,0,1,0,0,0,0
deposited,0,0,0,0,0,0,1,1,0,1,0,0,0,0,0,1,0,0,0,0
depositing,0,0,0,0,0,0,1,1,0,1,0,0,0,0,0,1,0,0,0,0
deposits,0,0,0,0,0,0,1,1,0,1,0,0,0,0,0,1,0,0,0,0
trainer,0,0,0,0,0,0,1,0,1,0,0,0,0,0,0,0,0,0,0,0
trainers,0,0,0,0,0,0,1,0,1,0,0,0,0,0,0,0,0,0,0,0
camp,0,0,0,0,0,0,0,0,0,0,0,0,0,0,0,0,0,0,0,0
camped,0,0,0,0,0,0,0,0,0,0,0,0,0,0,0,0,0,0,0,0
camping,0,0,0,0,0,0,0,0,0,0,0,0,0,0,0,0,0,0,0,0
camps,0,0,0,0,0,0,0,0,0,0,0,0,0,0,0,0,0,0,0,0
group,0,0,0,0,0,0,0,0,0,0,0,0,0,0,0,0,0,0,0,0
grouped,0,0,0,0,0,0,0,0,0,0,0,0,0,0,0,0,0,0,0,0
grouping,0,0,0,0,0,0,0,0,0,0,0,0,0,0,0,0,0,0,0,0
groups,0,0,0,0,0,0,0,0,0,0,0,0,0,0,0,0,0,0,0,0
request,1,0,0,0,0,0,0,1,0,0,0,0,0,0,0,0,0,0,0,0
requested,1,0,0,0,0,0,0,1,0,0,0,0,0,0,0,0,0,0,0,0
requesting,1,0,0,0,0,0,0,1,0,0,0,0,0,0,0,0,0,0,0,0
requests,1,0,0,0,0,0,0,1,0,0,0,0,0,0,0,0,0,0,0,0
researcher,0,0,0,0,0,0,0,0,0,0,0,0,0,0,0,0,0,0,0,0
researchers,0,0,0,0,0,0,0,0,0,0,0,0,0,0,0,0,0,0,0,0
update,0,1,0,0,0,0,1,1,0,1,0,0,0,0,0,1,0,0,0,0
updated,0,1,0,0,0,0,1,1,0,1,0,0,0,0,0,1,0,0,0,0
updates,0,1,0,0,0,0,1,1,0,1,0,0,0,0,0,1,0,0,0,0
updating,0,1,0,0,0,0,1,1,0,1,0,0,0,0,0,1,0,0,0,0
include,0,0,0,0,0,0,0,1,0,0,1,0,0,0,0,0,0,0,0,0
included,0,0,0,0,0,0,0,1,0,0,1,0,0,0,0,0,0,0,0,0
includes,0,0,0,0,0,0,0,1,0,0,1,0,0,0,0,0,0,0,0,0
including,0,0,0,0,0,0,0,1,0,0,1,0,0,0,0,0,0,0,0,0
change,0,1,0,0,0,0,1,1,0,0,0,0,0,0,0,0,0,0,0,0
changed,0,1,0,0,0,0,1,1,0,0,0,0,0,0,0,0,0,0,0,0
changes,0,1,0,0,0,0,1,1,0,0,0,0,0,0,0,0,0,0,0,0
changing,0,1,0,0,0,0,1,1,0,0,0,0,0,0,0,0,0,0,0,0
metadata,0,0,0,0,0,0,1,1,0,0,1,0,0,0,0,1,0,1,0,0
post,0,0,0,0,0,0,1,0,0,1,1,0,0,0,0,0,0,1,0,0
posted,0,0,0,0,0,0,1,0,0,1,1,0,0,0,0,0,0,1,0,0
posting,0,0,0,0,0,0,1,0,0,1,1,0,0,0,0,0,0,1,0,0
posts,0,0,0,0,0,0,1,0,0,1,1,0,0,0,0,0,0,1,0,0
session,0,0,0,0,1,1,1,1,0,0,0,0,0,0,0,1,0,1,0,0
sessions,0,0,0,0,1,1,1,1,0,0,0,0,0,0,0,1,0,1,0,0
submit,0,0,0,0,0,0,1,1,0,1,1,0,0,0,0,0,1,1,0,0
submits,0,0,0,0,0,0,1,1,0,1,1,0,0,0,0,0,1,1,0,0
submitted,0,0,0,0,0,0,1,1,0,1,1,0,0,0,0,0,1,1,0,0
submitting,0,0,0,0,0,0,1,1,0,1,1,0,0,0,0,0,1,1,0,0
take,0,0,0,0,0,0,0,0,0,0,0,0,0,0,0,0,0,0,0,0
taken,0,0,0,0,0,0,0,0,0,0,0,0,0,0,0,0,0,0,0,0
takes,0,0,0,0,0,0,0,0,0,0,0,0,0,0,0,0,0,0,0,0
taking,0,0,0,0,0,0,0,0,0,0,0,0,0,0,0,0,0,0,0,0
took,0,0,0,0,0,0,0,0,0,0,0,0,0,0,0,0,0,0,0,0
understand,0,0,0,0,0,0,0,0,0,0,0,0,0,0,0,0,0,0,0,0
understanding,0,0,0,0,0,0,0,0,0,0,0,0,0,0,0,0,0,0,0,0
understands,0,0,0,0,0,0,0,0,0,0,0,0,0,0,0,0,0,0,0,0
understood,0,0,0,0,0,0,0,0,0,0,0,0,0,0,0,0,0,0,0,0
assign,0,0,0,0,0,0,1,0,1,1,0,0,0,0,0,0,0,0,0,0
assigned,0,0,0,0,0,0,1,0,1,1,0,0,0,0,0,0,0,0,0,0
assigning,0,0,0,0,0,0,1,0,1,1,0,0,0,0,0,0,0,0,0,0
assigns,0,0,0,0,0,0,1,0,1,1,0,0,0,0,0,0,0,0,0,0
schedule,0,0,0,0,0,0,0,1,0,1,1,0,0,0,0,1,0,1,0,0
scheduled,0,0,0,0,0,0,0,1,0,1,1,0,0,0,0,1,0,1,0,0
schedules,0,0,0,0,0,0,0,1,0,1,1,0,0,0,0,1,0,1,0,0
scheduling,0,0,0,0,0,0,0,1,0,1,1,0,0,0,0,1,0,1,0,0
analyses,0,0,0,0,0,0,0,0,0,0,0,0,0,0,0,0,0,0,0,0
analysis,0,0,0,0,0,0,0,0,0,0,0,0,0,0,0,0,0,0,0,0
provide,0,0,0,0,0,0,0,1,0,0,1,0,0,0,0,0,0,1,0,0
provided,0,0,0,0,0,0,0,1,0,0,1,0,0,0,0,0,0,1,0,0
provides,0,0,0,0,0,0,0,1,0,0,1,0,0,0,0,0,0,1,0,0
providing,0,0,0,0,0,0,0,1,0,0,1,0,0,0,0,0,0,1,0,0
service,0,1,0,0,0,0,1,1,0,0,1,0,0,0,0,1,0,1,0,0
serviced,0,1,0,0,0,0,1,1,0,0,1,0,0,0,0,1,0,1,0,0
services,0,1,0,0,0,0,1,1,0,0,1,0,0,0,0,1,0,1,0,0
servicing,0,1,0,0,0,0,1,1,0,0,1,0,0,0,0,1,0,1,0,0
maintain,0,0,0,0,0,0,1,1,1,0,0,0,0,0,0,0,0,0,0,0
maintained,0,0,0,0,0,0,1,1,1,0,0,0,0,0,0,0,0,0,0,0
maintaining,0,0,0,0,0,0,1,1,1,0,0,0,0,0,0,0,0,0,0,0
maintains,0,0,0,0,0,0,1,1,1,0,0,0,0,0,0,0,0,0,0,0
plan,0,0,0,0,0,0,0,0,0,0,0,0,0,0,0,0,0,0,0,0
planned,0,0,0,0,0,0,0,0,0,0,0,0,0,0,0,0,0,0,0,0
planning,0,0,0,0,0,0,0,0,0,0,0,0,0,0,0,0,0,0,0,0
plans,0,0,0,0,0,0,0,0,0,0,0,0,0,0,0,0,0,0,0,0
publication,0,0,0,0,0,0,0,0,0,0,1,0,0,0,0,0,0,0,0,0
publications,0,0,0,0,0,0,0,0,0,0,1,0,0,0,0,0,0,0,0,0
show,0,0,0,0,0,0,0,0,0,0,1,0,0,0,0,0,0,0,0,0
showed,0,0,0,0,0,0,0,0,0,0,1,0,0,0,0,0,0,0,0,0
showing,0,0,0,0,0,0,0,0,0,0,1,0,0,0,0,0,0,0,0,0
shown,0,0,0,0,0,0,0,0,0,0,1,0,0,0,0,0,0,0,0,0
shows,0,0,0,0,0,0,0,0,0,0,1,0,0,0,0,0,0,0,0,0
sponsor,0,0,0,0,0,0,0,0,0,0,0,0,0,0,0,0,0,0,0,0
sponsored,0,0,0,0,0,0,0,0,0,0,0,0,0,0,0,0,0,0,0,0
sponsoring,0,0,0,0,0,0,0,0,0,0,0,0,0,0,0,0,0,0,0,0
sponsors,0,0,0,0,0,0,0,0,0,0,0,0,0,0,0,0,0,0,0,0
track,0,0,0,0,0,0,1,1,0,1,1,0,0,0,0,1,0,1,0,0
tracked,0,0,0,0,0,0,1,1,0,1,1,0,0,0,0,1,0,1,0,0
tracking,0,0,0,0,0,0,1,1,0,1,1,0,0,0,0,1,0,1,0,0
tracks,0,0,0,0,0,0,1,1,0,1,1,0,0,0,0,1,0,1,0,0
upload,0,0,0,0,0,0,1,1,0,1,0,0,0,0,0,0,1,1,0,0
uploaded,0,0,0,0,0,0,1,1,0,1,0,0,0,0,0,0,1,1,0,0
uploading,0,0,0,0,0,0,1,1,0,1,0,0,0,0,0,0,1,1,0,0
uploads,0,0,0,0,0,0,1,1,0,1,0,0,0,0,0,0,1,1,0,0
designer,1,1,0,0,1,1,0,0,0,0,0,0,0,0,0,0,0,0,0,1
designers,1,1,0,0,1,1,0,0,0,0,0,0,0,0,0,0,0,0,0,1
integration,0,0,0,0,0,0,0,0,0,0,0,0,0,0,0,0,0,1,0,0
integrations,0,0,0,0,0,0,0,0,0,0,0,0,0,0,0,0,0,1,0,0
date,0,0,0,0,0,0,0,0,0,0,0,0,0,0,0,0,0,0,0,0
dated,0,0,0,0,0,0,0,0,0,0,0,0,0,0,0,0,0,0,0,0
dates,0,0,0,0,0,0,0,0,0,0,0,0,0,0,0,0,0,0,0,0
dating,0,0,0,0,0,0,0,0,0,0,0,0,0,0,0,0,0,0,0,0
design,0,0,0,0,0,0,0,0,0,0,0,0,0,0,0,0,0,0,0,0
designed,0,0,0,0,0,0,0,0,0,0,0,0,0,0,0,0,0,0,0,0
designing,0,0,0,0,0,0,0,0,0,0,0,0,0,0,0,0,0,0,0,0
designs,0,0,0,0,0,0,0,0,0,0,0,0,0,0,0,0,0,0,0,0
material,0,0,0,0,0,0,0,0,0,0,0,0,0,0,0,0,0,0,0,0
materials,0,0,0,0,0,0,0,0,0,0,0,0,0,0,0,0,0,0,0,0
notified,0,0,0,0,0,0,1,0,0,1,1,0,0,0,0,0,0,0,0,0
notifies,0,0,0,0,0,0,1,0,0,1,1,0,0,0,0,0,0,0,0,0
notify,0,0,0,0,0,0,1,0,0,1,1,0,0,0,0,0,0,0,0,0
notifying,0,0,0,0,0,0,1,0,0,1,1,0,0,0,0,0,0,0,0,0
receive,0,0,0,0,0,0,1,1,0,0,1,0,0,0,0,0,0,0,0,0
received,0,0,0,0,0,0,1,1,0,0,1,0,0,0,0,0,0,0,0,0
receives,0,0,0,0,0,0,1,1,0,0,1,0,0,0,0,0,0,0,0,0
receiving,0,0,0,0,0,0,1,1,0,0,1,0,0,0,0,0,0,0,0,0
relate,0,0,0,0,0,0,0,0,0,0,0,0,0,0,0,0,0,0,0,0
related,0,0,0,0,0,0,0,0,0,0,0,0,0,0,0,0,0,0,0,0
relates,0,0,0,0,0,0,0,0,0,0,0,0,0,0,0,0,0,0,0,0
relating,0,0,0,0,0,0,0,0,0,0,0,0,0,0,0,0,0,0,0,0
sponsorship,0,0,0,0,0,0,0,0,0,0,0,0,0,0,0,0,0,0,0,0
sponsorships,0,0,0,0,0,0,0,0,0,0,0,0,0,0,0,0,0,0,0,0
summit,0,0,0,0,0,0,0,0,0,0,0,0,0,0,0,0,0,0,0,0
summited,0,0,0,0,0,0,0,0,0,0,0,0,0,0,0,0,0,0,0,0
summiting,0,0,0,0,0,0,0,0,0,0,0,0,0,0,0,0,0,0,0,0
summits,0,0,0,0,0,0,0,0,0,0,0,0,0,0,0,0,0,0,0,0
visualization,0,0,0,0,0,0,0,1,0,0,1,0,0,0,0,0,0,0,0,0
visualizations,0,0,0,0,0,0,0,1,0,0,1,0,0,0,0,0,0,0,0,0
requirement,0,0,0,0,0,0,0,0,0,0,0,0,0,0,0,0,0,0,0,0
requirements,0,0,0,0,0,0,0,0,0,0,0,0,0,0,0,0,0,0,0,0
account,1,1,0,0,1,1,1,1,1,1,0,0,0,0,0,0,0,1,0,0
accounted,1,1,0,0,1,1,1,1,1,1,0,0,0,0,0,0,0,1,0,0
accounting,1,1,0,0,1,1,1,1,1,1,0,0,0,0,0,0,0,1,0,0
accounts,1,1,0,0,1,1,1,1,1,1,0,0,0,0,0,0,0,1,0,0
activities,0,0,0,0,0,1,0,0,0,0,1,0,0,0,0,0,0,0,0,0
activity,0,0,0,0,0,1,0,0,0,0,1,0,0,0,0,0,0,0,0,0
approve,0,0,0,0,0,0,1,0,1,0,0,0,0,0,0,0,0,0,0,0
approved,0,0,0,0,0,0,1,0,1,0,0,0,0,0,0,0,0,0,0,0
approves,0,0,0,0,0,0,1,0,1,0,0,0,0,0,0,0,0,0,0,0
approving,0,0,0,0,0,0,1,0,1,0,0,0,0,0,0,0,0,0,0,0
associate,0,0,0,0,0,0,0,0,0,0,0,0,0,0,0,0,0,0,0,0
associated,0,0,0,0,0,0,0,0,0,0,0,0,0,0,0,0,0,0,0,0
associates,0,0,0,0,0,0,0,0,0,0,0,0,0,0,0,0,0,0,0,0
associating,0,0,0,0,0,0,0,0,0,0,0,0,0,0,0,0,0,0,0,0
attendee,0,0,0,0,0,0,1,1,0,1,1,0,0,0,0,0,0,1,0,0
attendees,0,0,0,0,0,0,1,1,0,1,1,0,0,0,0,0,0,1,0,0
camper,0,0,0,0,0,0,0,0,0,0,0,0,0,0,0,0,0,0,0,0
campers,0,0,0,0,0,0,0,0,0,0,0,0,0,0,0,0,0,0,0,0
came,0,0,0,0,0,0,0,0,0,0,0,0,0,0,0,0,0,0,0,0
come,0,0,0,0,0,0,0,0,0,0,0,0,0,0,0,0,0,0,0,0
comes,0,0,0,0,0,0,0,0,0,0,0,0,0,0,0,0,0,0,0,0
coming,0,0,0,0,0,0,0,0,0,0,0,0,0,0,0,0,0,0,0,0
detail,0,0,0,0,0,0,1,1,0,0,1,0,0,0,0,0,0,1,0,0
detailed,0,0,0,0,0,0,1,1,0,0,1,0,0,0,0,0,0,1,0,0
detailing,0,0,0,0,0,0,1,1,0,0,1,0,0,0,0,0,0,1,0,0
details,0,0,0,0,0,0,1,1,0,0,1,0,0,0,0,0,0,1,0,0
libraries,0,0,0,0,0,0,0,1,0,1,1,0,0,0,0,0,0,1,0,0
library,0,0,0,0,0,0,0,1,0,1,1,0,0,0,0,0,0,1,0,0
manage,0,1,0,0,0,0,1,1,1,1,1,0,0,0,0,1,0,1,0,0
managed,0,1,0,0,0,0,1,1,1,1,1,0,0,0,0,1,0,1,0,0
manages,0,1,0,0,0,0,1,1,1,1,1,0,0,0,0,1,0,1,0,0
managing,0,1,0,0,0,0,1,1,1,1,1,0,0,0,0,1,0,1,0,0
publisher,0,0,0,0,0,0,1,1,0,0,1,0,0,0,0,1,0,1,0,0
publishers,0,0,0,0,0,0,1,1,0,0,1,0,0,0,0,1,0,1,0,0
register,1,1,0,0,1,0,1,1,0,1,1,0,0,0,0,1,0,1,0,0
registered,1,1,0,0,1,0,1,1,0,1,1,0,0,0,0,1,0,1,0,0
registering,1,1,0,0,1,0,1,1,0,1,1,0,0,0,0,1,0,1,0,0
registers,1,1,0,0,1,0,1,1,0,1,1,0,0,0,0,1,0,1,0,0
save,0,0,0,0,0,0,1,0,0,1,1,0,0,0,0,1,0,0,0,0
saved,0,0,0,0,0,0,1,0,0,1,1,0,0,0,0,1,0,0,0,0
saves,0,0,0,0,0,0,1,0,0,1,1,0,0,0,0,1,0,0,0,0
saving,0,0,0,0,0,0,1,0,0,1,1,0,0,0,0,1,0,0,0,0
storied,0,0,0,0,0,0,0,0,0,0,0,0,0,0,0,0,0,0,0,0
stories,0,0,0,0,0,0,0,0,0,0,0,0,0,0,0,0,0,0,0,0
story,0,0,0,0,0,0,0,0,0,0,0,0,0,0,0,0,0,0,0,0
storying,0,0,0,0,0,0,0,0,0,0,0,0,0,0,0,0,0,0,0,0
sign,1,1,0,0,1,0,0,1,0,1,1,0,0,0,0,0,0,1,0,0
signed,1,1,0,0,1,0,0,1,0,1,1,0,0,0,0,0,0,1,0,0
signing,1,1,0,0,1,0,0,1,0,1,1,0,0,0,0,0,0,1,0,0
signs,1,1,0,0,1,0,0,1,0,1,1,0,0,0,0,0,0,1,0,0
compliance,0,0,0,0,0,0,0,1,0,0,0,0,0,0,0,0,0,0,0,0
compliances,0,0,0,0,0,0,0,1,0,0,0,0,0,0,0,0,0,0,0,0
determine,0,0,0,0,0,0,1,0,0,0,0,0,0,0,0,0,0,0,0,0
determined,0,0,0,0,0,0,1,0,0,0,0,0,0,0,0,0,0,0,0,0
determines,0,0,0,0,0,0,1,0,0,0,0,0,0,0,0,0,0,0,0,0
determining,0,0,0,0,0,0,1,0,0,0,0,0,0,0,0,0,0,0,0,0
home,0,0,0,0,0,0,0,0,0,0,0,0,0,0,0,0,0,0,0,0
homed,0,0,0,0,0,0,0,0,0,0,0,0,0,0,0,0,0,0,0,0
homes,0,0,0,0,0,0,0,0,0,0,0,0,0,0,0,0,0,0,0,0
homing,0,0,0,0,0,0,0,0,0,0,0,0,0,0,0,0,0,0,0,0
image,0,0,0,0,0,0,0,0,0,0,0,0,0,0,0,0,0,0,0,0
imaged,0,0,0,0,0,0,0,0,0,0,0,0,0,0,0,0,0,0,0,0
images,0,0,0,0,0,0,0,0,0,0,0,0,0,0,0,0,0,0,0,0
imaging,0,0,0,0,0,0,0,0,0,0,0,0,0,0,0,0,0,0,0,0
news,0,0,0,0,0,0,0,0,0,0,1,0,0,0,0,0,0,0,0,0
newsed,0,0,0,0,0,0,0,0,0,0,1,0,0,0,0,0,0,0,0,0
newses,0,0,0,0,0,0,0,0,0,0,1,0,0,0,0,0,0,0,0,0
newsing,0,0,0,0,0,0,0,0,0,0,1,0,0,0,0,0,0,0,0,0
result,0,0,0,0,0,0,0,0,0,0,0,1,0,0,0,0,0,0,0,0
resulted,0,0,0,0,0,0,0,0,0,0,0,1,0,0,0,0,0,0,0,0
resulting,0,0,0,0,0,0,0,0,0,0,0,1,0,0,0,0,0,0,0,0
results,0,0,0,0,0,0,0,0,0,0,0,1,0,0,0,0,0,0,0,0
section,0,0,0,0,0,0,0,0,0,0,0,0,0,0,0,0,0,0,0,0
sectioned,0,0,0,0,0,0,0,0,0,0,0,0,0,0,0,0,0,0,0,0
sectioning,0,0,0,0,0,0,0,0,0,0,0,0,0,0,0,0,0,0,0,0
sections,0,0,0,0,0,0,0,0,0,0,0,0,0,0,0,0,0,0,0,0
schedule,0,0,0,0,0,0,0,0,0,0,0,0,0,0,0,0,0,0,0,0
scheduled,0,0,0,0,0,0,0,0,0,0,0,0,0,0,0,0,0,0,0,0
schedules,0,0,0,0,0,0,0,0,0,0,0,0,0,0,0,0,0,0,0,0
scheduling,0,0,0,0,0,0,0,0,0,0,0,0,0,0,0,0,0,0,0,0
became,0,0,0,0,0,0,0,0,0,0,0,0,0,0,0,0,0,0,0,0
become,0,0,0,0,0,0,0,0,0,0,0,0,0,0,0,0,0,0,0,0
becomes,0,0,0,0,0,0,0,0,0,0,0,0,0,0,0,0,0,0,0,0
becoming,0,0,0,0,0,0,0,0,0,0,0,0,0,0,0,0,0,0,0,0
class,0,0,0,0,0,0,0,0,0,0,0,0,0,0,0,0,0,0,0,0
classed,0,0,0,0,0,0,0,0,0,0,0,0,0,0,0,0,0,0,0,0
classes,0,0,0,0,0,0,0,0,0,0,0,0,0,0,0,0,0,0,0,0
classing,0,0,0,0,0,0,0,0,0,0,0,0,0,0,0,0,0,0,0,0
day,0,0,0,0,0,0,0,0,0,0,0,0,0,0,0,0,0,0,0,0
days,0,0,0,0,0,0,0,0,0,0,0,0,0,0,0,0,0,0,0,0
delete,0,1,0,0,1,0,1,1,0,1,0,0,0,0,0,1,0,0,0,0
deleted,0,1,0,0,1,0,1,1,0,1,0,0,0,0,0,1,0,0,0,0
deletes,0,1,0,0,1,0,1,1,0,1,0,0,0,0,0,1,0,0,0,0
deleting,0,1,0,0,1,0,1,1,0,1,0,0,0,0,0,1,0,0,0,0
fee,0,0,0,0,0,0,0,0,0,0,0,0,0,0,0,0,0,0,0,0
feed,0,0,0,0,0,0,0,0,0,0,0,0,0,0,0,0,0,0,0,0
feeing,0,0,0,0,0,0,0,0,0,0,0,0,0,0,0,0,0,0,0,0
fees,0,0,0,0,0,0,0,0,0,0,0,0,0,0,0,0,0,0,0,0
form,0,0,0,0,0,0,1,1,0,1,1,0,0,0,1,0,0,0,0,0
formed,0,0,0,0,0,0,1,1,0,1,1,0,0,0,1,0,0,0,0,0
forming,0,0,0,0,0,0,1,1,0,1,1,0,0,0,1,0,0,0,0,0
forms,0,0,0,0,0,0,1,1,0,1,1,0,0,0,1,0,0,0,0,0
go,0,0,0,0,0,0,0,0,0,0,0,0,0,0,0,0,0,0,0,0
goes,0,0,0,0,0,0,0,0,0,0,0,0,0,0,0,0,0,0,0,0
going,0,0,0,0,0,0,0,0,0,0,0,0,0,0,0,0,0,0,0,0
gone,0,0,0,0,0,0,0,0,0,0,0,0,0,0,0,0,0,0,0,0
gos,0,0,0,0,0,0,0,0,0,0,0,0,0,0,0,0,0,0,0,0
went,0,0,0,0,0,0,0,0,0,0,0,0,0,0,0,0,0,0,0,0
integrate,0,1,0,0,0,0,0,1,0,0,0,0,0,0,0,0,0,1,0,0
integrated,0,1,0,0,0,0,0,1,0,0,0,0,0,0,0,0,0,1,0,0
integrates,0,1,0,0,0,0,0,1,0,0,0,0,0,0,0,0,0,1,0,0
integrating,0,1,0,0,0,0,0,1,0,0,0,0,0,0,0,0,0,1,0,0
level,0,0,0,0,0,0,0,0,0,0,0,0,0,0,0,0,0,0,0,0
leveling,0,0,0,0,0,0,0,0,0,0,0,0,0,0,0,0,0,0,0,0
levelled,0,0,0,0,0,0,0,0,0,0,0,0,0,0,0,0,0,0,0,0
levels,0,0,0,0,0,0,0,0,0,0,0,0,0,0,0,0,0,0,0,0
set,1,1,0,0,0,0,0,1,0,1,0,0,0,0,0,1,0,1,0,0
sets,1,1,0,0,0,0,0,1,0,1,0,0,0,0,0,1,0,1,0,0
setting,1,1,0,0,0,0,0,1,0,1,0,0,0,0,0,1,0,1,0,0
team,0,1,0,0,0,0,1,0,1,0,0,0,0,0,0,0,0,0,0,0
teamed,0,1,0,0,0,0,1,0,1,0,0,0,0,0,0,0,0,0,0,0
teaming,0,1,0,0,0,0,1,0,1,0,0,0,0,0,0,0,0,0,0,0
teams,0,1,0,0,0,0,1,0,1,0,0,0,0,0,0,0,0,0,0,0
type,0,0,0,0,0,0,0,0,0,0,0,0,0,0,0,0,0,0,0,0
typed,0,0,0,0,0,0,0,0,0,0,0,0,0,0,0,0,0,0,0,0
types,0,0,0,0,0,0,0,0,0,0,0,0,0,0,0,0,0,0,0,0
typing,0,0,0,0,0,0,0,0,0,0,0,0,0,0,0,0,0,0,0,0
develop,0,0,0,0,0,0,0,1,0,0,0,0,0,0,0,0,0,0,0,0
developed,0,0,0,0,0,0,0,1,0,0,0,0,0,0,0,0,0,0,0,0
developing,0,0,0,0,0,0,0,1,0,0,0,0,0,0,0,0,0,0,0,0
develops,0,0,0,0,0,0,0,1,0,0,0,0,0,0,0,0,0,0,0,0
enter,1,1,0,0,0,0,1,1,0,1,1,0,0,0,0,0,0,0,0,0
entered,1,1,0,0,0,0,1,1,0,1,1,0,0,0,0,0,0,0,0,0
entering,1,1,0,0,0,0,1,1,0,1,1,0,0,0,0,0,0,0,0,0
enters,1,1,0,0,0,0,1,1,0,1,1,0,0,0,0,0,0,0,0,0
accept,0,0,0,0,0,0,1,1,0,1,0,0,0,0,0,0,0,0,0,0
accepted,0,0,0,0,0,0,1,1,0,1,0,0,0,0,0,0,0,0,0,0
accepting,0,0,0,0,0,0,1,1,0,1,0,0,0,0,0,0,0,0,0,0
accepts,0,0,0,0,0,0,1,1,0,1,0,0,0,0,0,0,0,0,0,0
appear,0,0,0,0,0,0,0,0,0,0,1,0,0,0,0,0,0,0,0,0
appeared,0,0,0,0,0,0,0,0,0,0,1,0,0,0,0,0,0,0,0,0
appearing,0,0,0,0,0,0,0,0,0,0,1,0,0,0,0,0,0,0,0,0
appears,0,0,0,0,0,0,0,0,0,0,1,0,0,0,0,0,0,0,0,0
archive,0,0,0,0,0,0,1,1,0,0,0,0,0,0,0,1,0,0,0,0
archived,0,0,0,0,0,0,1,1,0,0,0,0,0,0,0,1,0,0,0,0
archives,0,0,0,0,0,0,1,1,0,0,0,0,0,0,0,1,0,0,0,0
archiving,0,0,0,0,0,0,1,1,0,0,0,0,0,0,0,1,0,0,0,0
choose,0,0,0,0,0,0,0,0,0,1,1,0,0,0,0,0,0,0,0,0
chooses,0,0,0,0,0,0,0,0,0,1,1,0,0,0,0,0,0,0,0,0
choosing,0,0,0,0,0,0,0,0,0,1,1,0,0,0,0,0,0,0,0,0
chose,0,0,0,0,0,0,0,0,0,1,1,0,0,0,0,0,0,0,0,0
chosen,0,0,0,0,0,0,0,0,0,1,1,0,0,0,0,0,0,0,0,0
database,0,0,0,0,0,0,1,1,0,0,0,0,0,0,0,1,0,1,0,0
databased,0,0,0,0,0,0,1,1,0,0,0,0,0,0,0,1,0,1,0,0
databases,0,0,0,0,0,0,1,1,0,0,0,0,0,0,0,1,0,1,0,0
databasing,0,0,0,0,0,0,1,1,0,0,0,0,0,0,0,1,0,1,0,0
field,0,0,0,0,0,0,0,1,0,1,0,0,0,0,0,0,0,0,0,0
fielded,0,0,0,0,0,0,0,1,0,1,0,0,0,0,0,0,0,0,0,0
fielding,0,0,0,0,0,0,0,1,0,1,0,0,0,0,0,0,0,0,0,0
fields,0,0,0,0,0,0,0,1,0,1,0,0,0,0,0,0,0,0,0,0
game,0,0,0,0,0,0,0,0,0,0,0,0,0,0,0,0,0,0,0,0
gamed,0,0,0,0,0,0,0,0,0,0,0,0,0,0,0,0,0,0,0,0
games,0,0,0,0,0,0,0,0,0,0,0,0,0,0,0,0,0,0,0,0
gaming,0,0,0,0,0,0,0,0,0,0,0,0,0,0,0,0,0,0,0,0
name,1,0,0,0,0,0,1,1,0,1,0,0,0,0,0,0,0,0,0,0
named,1,0,0,0,0,0,1,1,0,1,0,0,0,0,0,0,0,0,0,0
names,1,0,0,0,0,0,1,1,0,1,0,0,0,0,0,0,0,0,0,0
naming,1,0,0,0,0,0,1,1,0,1,0,0,0,0,0,0,0,0,0,0
prototype,0,0,0,0,0,0,0,1,0,0,0,0,0,0,0,0,0,0,0,0
prototyped,0,0,0,0,0,0,0,1,0,0,0,0,0,0,0,0,0,0,0,0
prototypes,0,0,0,0,0,0,0,1,0,0,0,0,0,0,0,0,0,0,0,0
prototyping,0,0,0,0,0,0,0,1,0,0,0,0,0,0,0,0,0,0,0,0
submission,1,0,0,0,0,0,0,0,0,1,0,0,0,0,0,0,0,0,0,0
submissions,1,0,0,0,0,0,0,0,0,1,0,0,0,0,0,0,0,0,0,0
validate,0,1,0,0,0,0,1,1,0,1,0,0,0,0,0,0,0,0,0,0
validated,0,1,0,0,0,0,1,1,0,1,0,0,0,0,0,0,0,0,0,0
validates,0,1,0,0,0,0,1,1,0,1,0,0,0,0,0,0,0,0,0,0
validating,0,1,0,0,0,0,1,1,0,1,0,0,0,0,0,0,0,0,0,0
authenticateduser,0,0,0,0,0,0,0,0,0,0,0,0,0,0,0,0,0,0,0,1
center,0,0,0,0,0,0,0,0,1,0,0,0,0,0,0,0,0,0,0,0
centered,0,0,0,0,0,0,0,0,1,0,0,0,0,0,0,0,0,0,0,0
centering,0,0,0,0,0,0,0,0,1,0,0,0,0,0,0,0,0,0,0,0
centers,0,0,0,0,0,0,0,0,1,0,0,0,0,0,0,0,0,0,0,0
datapackage,0,0,0,0,0,0,0,1,0,0,0,0,0,0,0,0,0,0,0,0
organization,0,0,0,0,0,0,0,0,0,0,0,0,0,0,0,0,0,0,0,0
organizations,0,0,0,0,0,0,0,0,0,0,0,0,0,0,0,0,0,0,0,0
support,0,0,0,0,0,0,1,1,0,0,1,0,0,0,0,0,0,1,0,0
supported,0,0,0,0,0,0,1,1,0,0,1,0,0,0,0,0,0,1,0,0
supporting,0,0,0,0,0,0,1,1,0,0,1,0,0,0,0,0,0,1,0,0
supports,0,0,0,0,0,0,1,1,0,0,1,0,0,0,0,0,0,1,0,0
allow,0,0,0,0,0,0,1,1,0,1,0,0,0,0,0,0,0,0,0,0
allowed,0,0,0,0,0,0,1,1,0,1,0,0,0,0,0,0,0,0,0,0
allowing,0,0,0,0,0,0,1,1,0,1,0,0,0,0,0,0,0,0,0,0
allows,0,0,0,0,0,0,1,1,0,1,0,0,0,0,0,0,0,0,0,0
author,0,0,0,0,0,0,0,0,0,0,0,0,0,0,0,0,0,0,0,0
authored,0,0,0,0,0,0,0,0,0,0,0,0,0,0,0,0,0,0,0,0
authoring,0,0,0,0,0,0,0,0,0,0,0,0,0,0,0,0,0,0,0,0
authors,0,0,0,0,0,0,0,0,0,0,0,0,0,0,0,0,0,0,0,0
case,0,0,0,0,0,0,0,0,0,0,0,0,0,0,0,0,0,0,0,0
cased,0,0,0,0,0,0,0,0,0,0,0,0,0,0,0,0,0,0,0,0
cases,0,0,0,0,0,0,0,0,0,0,0,0,0,0,0,0,0,0,0,0
casing,0,0,0,0,0,0,0,0,0,0,0,0,0,0,0,0,0,0,0,0
collect,0,0,0,0,0,0,0,1,0,1,0,0,0,0,0,0,0,0,0,0
collected,0,0,0,0,0,0,0,1,0,1,0,0,0,0,0,0,0,0,0,0
collecting,0,0,0,0,0,0,0,1,0,1,0,0,0,0,0,0,0,0,0,0
collects,0,0,0,0,0,0,0,1,0,1,0,0,0,0,0,0,0,0,0,0
decide,0,0,0,0,0,0,0,0,0,0,0,0,0,0,0,0,0,0,0,0
decided,0,0,0,0,0,0,0,0,0,0,0,0,0,0,0,0,0,0,0,0
decides,0,0,0,0,0,0,0,0,0,0,0,0,0,0,0,0,0,0,0,0
deciding,0,0,0,0,0,0,0,0,0,0,0,0,0,0,0,0,0,0,0,0
edit,0,1,0,0,0,0,1,1,1,1,0,0,0,0,0,1,0,0,0,0
edited,0,1,0,0,0,0,1,1,1,1,0,0,0,0,0,1,0,0,0,0
editing,0,1,0,0,0,0,1,1,1,1,0,0,0,0,0,1,0,0,0,0
edits,0,1,0,0,0,0,1,1,1,1,0,0,0,0,0,1,0,0,0,0
email,1,1,1,1,1,1,1,1,0,1,1,0,0,0,0,0,0,1,0,0
emailed,1,1,1,1,1,1,1,1,0,1,1,0,0,0,0,0,0,1,0,0
emailing,1,1,1,1,1,1,1,1,0,1,1,0,0,0,0,0,0,1,0,0
emails,1,1,1,1,1,1,1,1,0,1,1,0,0,0,0,0,0,1,0,0
location,0,0,0,0,0,0,1,1,0,0,0,0,0,0,0,0,0,0,0,0
locations,0,0,0,0,0,0,1,1,0,0,0,0,0,0,0,0,0,0,0,0
one,0,0,0,0,0,0,0,0,0,0,0,0,0,0,0,0,0,0,0,0
ones,0,0,0,0,0,0,0,0,0,0,0,0,0,0,0,0,0,0,0,0
package,0,0,0,0,0,0,0,1,0,0,0,0,0,0,0,0,0,0,0,0
packaged,0,0,0,0,0,0,0,1,0,0,0,0,0,0,0,0,0,0,0,0
packages,0,0,0,0,0,0,0,1,0,0,0,0,0,0,0,0,0,0,0,0
packaging,0,0,0,0,0,0,0,1,0,0,0,0,0,0,0,0,0,0,0,0
parent,0,0,0,0,0,0,0,0,0,0,0,0,0,0,0,0,0,0,0,0
parented,0,0,0,0,0,0,0,0,0,0,0,0,0,0,0,0,0,0,0,0
parenting,0,0,0,0,0,0,0,0,0,0,0,0,0,0,0,0,0,0,0,0
parents,0,0,0,0,0,0,0,0,0,0,0,0,0,0,0,0,0,0,0,0
pipeline,0,0,0,0,0,0,0,1,0,0,0,0,0,0,0,0,0,0,0,0
pipelined,0,0,0,0,0,0,0,1,0,0,0,0,0,0,0,0,0,0,0,0
pipelines,0,0,0,0,0,0,0,1,0,0,0,0,0,0,0,0,0,0,0,0
pipelining,0,0,0,0,0,0,0,1,0,0,0,0,0,0,0,0,0,0,0,0
re,0,0,0,0,0,0,0,0,0,0,0,0,0,0,0,0,0,0,0,0
registration,1,0,0,0,0,0,0,0,0,1,1,0,0,0,0,0,0,0,0,0
registrations,1,0,0,0,0,0,0,0,0,1,1,0,0,0,0,0,0,0,0,0
second,0,0,0,0,0,0,0,0,0,0,0,0,0,0,0,0,0,0,0,0
seconded,0,0,0,0,0,0,0,0,0,0,0,0,0,0,0,0,0,0,0,0
seconding,0,0,0,0,0,0,0,0,0,0,0,0,0,0,0,0,0,0,0,0
seconds,0,0,0,0,0,0,0,0,0,0,0,0,0,0,0,0,0,0,0,0
select,0,0,0,0,0,0,1,0,0,1,1,0,0,0,0,0,0,0,0,0
selected,0,0,0,0,0,0,1,0,0,1,1,0,0,0,0,0,0,0,0,0
selecting,0,0,0,0,0,0,1,0,0,1,1,0,0,0,0,0,0,0,0,0
selects,0,0,0,0,0,0,1,0,0,1,1,0,0,0,0,0,0,0,0,0
task,0,0,0,0,0,0,0,0,0,0,0,0,0,0,0,0,0,0,0,0
tasked,0,0,0,0,0,0,0,0,0,0,0,0,0,0,0,0,0,0,0,0
tasking,0,0,0,0,0,0,0,0,0,0,0,0,0,0,0,0,0,0,0,0
tasks,0,0,0,0,0,0,0,0,0,0,0,0,0,0,0,0,0,0,0,0
way,0,0,0,0,0,0,0,0,0,0,0,0,0,0,0,0,0,0,0,0
ways,0,0,0,0,0,0,0,0,0,0,0,0,0,0,0,0,0,0,0,0
reuser,0,0,0,0,0,0,0,0,0,0,0,0,0,0,0,0,0,0,0,1
import,0,0,0,0,0,0,0,1,0,0,0,0,0,0,0,0,0,1,0,0
imported,0,0,0,0,0,0,0,1,0,0,0,0,0,0,0,0,0,1,0,0
importing,0,0,0,0,0,0,0,1,0,0,0,0,0,0,0,0,0,1,0,0
imports,0,0,0,0,0,0,0,1,0,0,0,0,0,0,0,0,0,1,0,0
require,0,0,0,0,0,0,1,1,0,0,0,0,0,0,0,0,0,0,0,0
required,0,0,0,0,0,0,1,1,0,0,0,0,0,0,0,0,0,0,0,0
requires,0,0,0,0,0,0,1,1,0,0,0,0,0,0,0,0,0,0,0,0
requiring,0,0,0,0,0,0,1,1,0,0,0,0,0,0,0,0,0,0,0,0
resource,0,0,0,0,0,0,0,0,0,0,0,0,0,0,0,0,0,0,0,0
resources,0,0,0,0,0,0,0,0,0,0,0,0,0,0,0,0,0,0,0,0
test,0,0,0,0,0,0,0,0,0,0,0,0,0,0,0,0,0,0,0,0
tested,0,0,0,0,0,0,0,0,0,0,0,0,0,0,0,0,0,0,0,0
testing,0,0,0,0,0,0,0,0,0,0,0,0,0,0,0,0,0,0,0,0
tests,0,0,0,0,0,0,0,0,0,0,0,0,0,0,0,0,0,0,0,0
tool,0,0,0,0,0,0,1,1,0,0,0,0,0,0,0,0,0,1,0,0
tooled,0,0,0,0,0,0,1,1,0,0,0,0,0,0,0,0,0,1,0,0
tooling,0,0,0,0,0,0,1,1,0,0,0,0,0,0,0,0,0,1,0,0
tools,0,0,0,0,0,0,1,1,0,0,0,0,0,0,0,0,0,1,0,0
began,0,0,0,0,0,0,0,0,0,0,0,0,0,0,0,0,0,0,0,0
begin,0,0,0,0,0,0,0,0,0,0,0,0,0,0,0,0,0,0,0,0
beginning,0,0,0,0,0,0,0,0,0,0,0,0,0,0,0,0,0,0,0,0
begins,0,0,0,0,0,0,0,0,0,0,0,0,0,0,0,0,0,0,0,0
begun,0,0,0,0,0,0,0,0,0,0,0,0,0,0,0,0,0,0,0,0
charge,0,0,0,0,0,0,1,1,0,0,0,0,0,0,0,0,0,0,0,0
charged,0,0,0,0,0,0,1,1,0,0,0,0,0,0,0,0,0,0,0,0
charges,0,0,0,0,0,0,1,1,0,0,0,0,0,0,0,0,0,0,0,0
charging,0,0,0,0,0,0,1,1,0,0,0,0,0,0,0,0,0,0,0,0
child,0,0,0,0,0,0,0,0,0,0,0,0,0,0,0,0,0,0,0,0
childed,0,0,0,0,0,0,0,0,0,0,0,0,0,0,0,0,0,0,0,0
childes,0,0,0,0,0,0,0,0,0,0,0,0,0,0,0,0,0,0,0,0
childing,0,0,0,0,0,0,0,0,0,0,0,0,0,0,0,0,0,0,0,0
children,0,0,0,0,0,0,0,0,0,0,0,0,0,0,0,0,0,0,0,0
citation,0,0,0,0,0,0,0,0,0,0,0,0,0,0,0,0,0,0,0,0
citations,0,0,0,0,0,0,0,0,0,0,0,0,0,0,0,0,0,0,0,0
description,0,0,0,0,0,0,0,0,0,0,0,0,0,0,0,0,0,0,0,0
descriptions,0,0,0,0,0,0,0,0,0,0,0,0,0,0,0,0,0,0,0,0
discover,0,0,0,0,0,0,0,0,0,0,0,0,0,0,0,0,0,0,0,0
discovered,0,0,0,0,0,0,0,0,0,0,0,0,0,0,0,0,0,0,0,0
discovering,0,0,0,0,0,0,0,0,0,0,0,0,0,0,0,0,0,0,0,0
discovers,0,0,0,0,0,0,0,0,0,0,0,0,0,0,0,0,0,0,0,0
estimator,0,0,0,0,0,0,0,0,0,0,0,0,0,0,0,0,0,0,0,0
estimators,0,0,0,0,0,0,0,0,0,0,0,0,0,0,0,0,0,0,0,0
feature,0,0,0,0,0,0,1,1,0,0,0,0,0,0,0,0,0,0,0,0
featured,0,0,0,0,0,0,1,1,0,0,0,0,0,0,0,0,0,0,0,0
features,0,0,0,0,0,0,1,1,0,0,0,0,0,0,0,0,0,0,0,0
featuring,0,0,0,0,0,0,1,1,0,0,0,0,0,0,0,0,0,0,0,0
follow,0,0,0,0,0,0,0,0,0,0,0,0,0,0,0,0,0,0,0,0
followed,0,0,0,0,0,0,0,0,0,0,0,0,0,0,0,0,0,0,0,0
following,0,0,0,0,0,0,0,0,0,0,0,0,0,0,0,0,0,0,0,0
follows,0,0,0,0,0,0,0,0,0,0,0,0,0,0,0,0,0,0,0,0
future,0,0,0,0,0,0,0,0,0,0,0,0,0,0,0,0,0,0,0,0
futures,0,0,0,0,0,0,0,0,0,0,0,0,0,0,0,0,0,0,0,0
generate,0,0,0,0,0,0,0,0,0,0,0,0,0,0,0,0,0,0,0,0
generated,0,0,0,0,0,0,0,0,0,0,0,0,0,0,0,0,0,0,0,0
generates,0,0,0,0,0,0,0,0,0,0,0,0,0,0,0,0,0,0,0,0
generating,0,0,0,0,0,0,0,0,0,0,0,0,0,0,0,0,0,0,0,0
identified,0,0,0,0,0,0,0,1,0,1,0,0,0,0,0,0,0,0,0,0
identifies,0,0,0,0,0,0,0,1,0,1,0,0,0,0,0,0,0,0,0,0
identify,0,0,0,0,0,0,0,1,0,1,0,0,0,0,0,0,0,0,0,0
identifying,0,0,0,0,0,0,0,1,0,1,0,0,0,0,0,0,0,0,0,0
job,0,0,0,0,0,0,0,0,0,0,0,0,0,0,0,0,0,0,0,0
jobbed,0,0,0,0,0,0,0,0,0,0,0,0,0,0,0,0,0,0,0,0
jobbing,0,0,0,0,0,0,0,0,0,0,0,0,0,0,0,0,0,0,0,0
jobs,0,0,0,0,0,0,0,0,0,0,0,0,0,0,0,0,0,0,0,0
load,0,0,0,0,0,0,0,1,0,0,0,0,0,0,0,1,0,1,0,0
loaded,0,0,0,0,0,0,0,1,0,0,0,0,0,0,0,1,0,1,0,0
loading,0,0,0,0,0,0,0,1,0,0,0,0,0,0,0,1,0,1,0,0
loads,0,0,0,0,0,0,0,1,0,0,0,0,0,0,0,1,0,1,0,0
look,0,0,0,0,0,0,0,0,0,0,0,0,0,0,0,0,0,0,0,0
looked,0,0,0,0,0,0,0,0,0,0,0,0,0,0,0,0,0,0,0,0
looking,0,0,0,0,0,0,0,0,0,0,0,0,0,0,0,0,0,0,0,0
looks,0,0,0,0,0,0,0,0,0,0,0,0,0,0,0,0,0,0,0,0
output,0,0,0,0,0,0,1,0,0,0,1,0,0,0,0,0,0,0,0,0
outputs,0,0,0,0,0,0,1,0,0,0,1,0,0,0,0,0,0,0,0,0
outputted,0,0,0,0,0,0,1,0,0,0,1,0,0,0,0,0,0,0,0,0
outputting,0,0,0,0,0,0,1,0,0,0,1,0,0,0,0,0,0,0,0,0
password,1,0,0,0,1,0,0,0,0,1,0,0,0,0,1,1,0,0,0,0
passwords,1,0,0,0,1,0,0,0,0,1,0,0,0,0,1,1,0,0,0,0
people,0,0,0,0,0,0,0,0,0,0,0,0,0,0,0,0,0,0,0,0
peopled,0,0,0,0,0,0,0,0,0,0,0,0,0,0,0,0,0,0,0,0
peoples,0,0,0,0,0,0,0,0,0,0,0,0,0,0,0,0,0,0,0,0
peopling,0,0,0,0,0,0,0,0,0,0,0,0,0,0,0,0,0,0,0,0
prepare,0,0,0,0,0,0,0,0,0,0,0,0,0,0,0,0,0,0,0,0
prepared,0,0,0,0,0,0,0,0,0,0,0,0,0,0,0,0,0,0,0,0
prepares,0,0,0,0,0,0,0,0,0,0,0,0,0,0,0,0,0,0,0,0
preparing,0,0,0,0,0,0,0,0,0,0,0,0,0,0,0,0,0,0,0,0
registries,0,1,0,0,0,0,1,1,1,0,0,0,0,0,0,1,0,1,0,0
registry,0,1,0,0,0,0,1,1,1,0,0,0,0,0,0,1,0,1,0,0
remain,0,0,0,0,0,0,0,0,0,0,0,0,0,0,0,0,0,0,0,0
remained,0,0,0,0,0,0,0,0,0,0,0,0,0,0,0,0,0,0,0,0
remaining,0,0,0,0,0,0,0,0,0,0,0,0,0,0,0,0,0,0,0,0
remains,0,0,0,0,0,0,0,0,0,0,0,0,0,0,0,0,0,0,0,0
sense,0,0,0,0,0,0,0,0,0,0,0,0,0,0,0,0,0,0,0,0
sensed,0,0,0,0,0,0,0,0,0,0,0,0,0,0,0,0,0,0,0,0
senses,0,0,0,0,0,0,0,0,0,0,0,0,0,0,0,0,0,0,0,0
sensing,0,0,0,0,0,0,0,0,0,0,0,0,0,0,0,0,0,0,0,0
connect,0,0,0,0,0,0,0,0,0,0,0,0,0,0,0,0,0,0,0,0
connected,0,0,0,0,0,0,0,0,0,0,0,0,0,0,0,0,0,0,0,0
connecting,0,0,0,0,0,0,0,0,0,0,0,0,0,0,0,0,0,0,0,0
connects,0,0,0,0,0,0,0,0,0,0,0,0,0,0,0,0,0,0,0,0
management,0,0,0,0,0,0,0,0,1,1,0,0,0,0,0,0,0,0,0,0
managements,0,0,0,0,0,0,0,0,1,1,0,0,0,0,0,0,0,0,0,0
modified,1,1,0,0,0,0,1,0,1,1,0,0,0,0,0,0,0,1,0,0
modifies,1,1,0,0,0,0,1,0,1,1,0,0,0,0,0,0,0,1,0,0
modify,1,1,0,0,0,0,1,0,1,1,0,0,0,0,0,0,0,1,0,0
modifying,1,1,0,0,0,0,1,0,1,1,0,0,0,0,0,0,0,1,0,0
process,0,0,0,0,0,0,1,1,0,0,0,0,0,0,0,0,0,0,0,0
processed,0,0,0,0,0,0,1,1,0,0,0,0,0,0,0,0,0,0,0,0
processes,0,0,0,0,0,0,1,1,0,0,0,0,0,0,0,0,0,0,0,0
processing,0,0,0,0,0,0,1,1,0,0,0,0,0,0,0,0,0,0,0,0
produce,0,0,0,0,0,0,0,0,0,0,0,0,0,0,0,0,0,0,0,0
produced,0,0,0,0,0,0,0,0,0,0,0,0,0,0,0,0,0,0,0,0
produces,0,0,0,0,0,0,0,0,0,0,0,0,0,0,0,0,0,0,0,0
producing,0,0,0,0,0,0,0,0,0,0,0,0,0,0,0,0,0,0,0,0
staff,0,1,0,0,0,0,1,1,1,0,0,0,0,0,0,0,0,0,0,0
staffed,0,1,0,0,0,0,1,1,1,0,0,0,0,0,0,0,0,0,0,0
staffing,0,1,0,0,0,0,1,1,1,0,0,0,0,0,0,0,0,0,0,0
staffs,0,1,0,0,0,0,1,1,1,0,0,0,0,0,0,0,0,0,0,0
url,0,0,0,0,0,0,0,1,0,0,1,0,0,0,0,0,0,1,0,0
web,0,1,1,1,1,1,1,1,1,1,1,0,0,0,0,1,0,1,0,0
webbed,0,1,1,1,1,1,1,1,1,1,1,0,0,0,0,1,0,1,0,0
webbing,0,1,1,1,1,1,1,1,1,1,1,0,0,0,0,1,0,1,0,0
webs,0,1,1,1,1,1,1,1,1,1,1,0,0,0,0,1,0,1,0,0
workflow,0,1,0,0,0,0,1,1,1,0,0,0,0,0,0,0,0,1,0,0
workflows,0,1,0,0,0,0,1,1,1,0,0,0,0,0,0,0,0,1,0,0
ad,0,0,0,0,0,0,0,0,0,0,0,0,0,0,0,0,0,0,0,0
ads,0,0,0,0,0,0,0,0,0,0,0,0,0,0,0,0,0,0,0,0
badcamp,0,0,0,0,0,0,0,0,0,0,0,0,0,0,0,0,0,0,0,0
card,0,1,1,1,0,0,0,0,0,0,0,0,0,0,0,0,0,0,0,0
carded,0,1,1,1,0,0,0,0,0,0,0,0,0,0,0,0,0,0,0,0
carding,0,1,1,1,0,0,0,0,0,0,0,0,0,0,0,0,0,0,0,0
cards,0,1,1,1,0,0,0,0,0,0,0,0,0,0,0,0,0,0,0,0
click,0,0,0,0,0,0,0,0,0,0,0,0,0,0,0,0,0,0,0,0
clicked,0,0,0,0,0,0,0,0,0,0,0,0,0,0,0,0,0,0,0,0
clicking,0,0,0,0,0,0,0,0,0,0,0,0,0,0,0,0,0,0,0,0
clicks,0,0,0,0,0,0,0,0,0,0,0,0,0,0,0,0,0,0,0,0
companied,0,0,0,0,0,0,0,0,0,0,0,0,0,0,0,0,0,0,0,0
companies,0,0,0,0,0,0,0,0,0,0,0,0,0,0,0,0,0,0,0,0
company,0,0,0,0,0,0,0,0,0,0,0,0,0,0,0,0,0,0,0,0
companying,0,0,0,0,0,0,0,0,0,0,0,0,0,0,0,0,0,0,0,0
complete,0,0,0,0,0,0,0,0,0,0,0,0,0,0,0,0,0,0,0,0
completed,0,0,0,0,0,0,0,0,0,0,0,0,0,0,0,0,0,0,0,0
completes,0,0,0,0,0,0,0,0,0,0,0,0,0,0,0,0,0,0,0,0
completing,0,0,0,0,0,0,0,0,0,0,0,0,0,0,0,0,0,0,0,0
continue,0,0,0,0,0,0,0,0,0,0,0,0,0,0,0,0,0,0,0,0
continued,0,0,0,0,0,0,0,0,0,0,0,0,0,0,0,0,0,0,0,0
continues,0,0,0,0,0,0,0,0,0,0,0,0,0,0,0,0,0,0,0,0
continuing,0,0,0,0,0,0,0,0,0,0,0,0,0,0,0,0,0,0,0,0
cost,0,0,0,0,0,0,1,1,0,0,0,0,0,0,0,0,0,0,0,0
costing,0,0,0,0,0,0,1,1,0,0,0,0,0,0,0,0,0,0,0,0
costs,0,0,0,0,0,0,1,1,0,0,0,0,0,0,0,0,0,0,0,0
deliver,0,0,0,0,0,0,0,0,0,0,0,0,0,0,0,0,0,0,0,0
delivered,0,0,0,0,0,0,0,0,0,0,0,0,0,0,0,0,0,0,0,0
delivering,0,0,0,0,0,0,0,0,0,0,0,0,0,0,0,0,0,0,0,0
delivers,0,0,0,0,0,0,0,0,0,0,0,0,0,0,0,0,0,0,0,0
digitize,0,0,0,0,0,0,0,0,0,0,0,0,0,0,0,0,0,0,0,0
digitized,0,0,0,0,0,0,0,0,0,0,0,0,0,0,0,0,0,0,0,0
digitizes,0,0,0,0,0,0,0,0,0,0,0,0,0,0,0,0,0,0,0,0
digitizing,0,0,0,0,0,0,0,0,0,0,0,0,0,0,0,0,0,0,0,0
discuss,0,0,0,0,0,0,0,0,0,0,0,0,0,0,0,0,0,0,0,0
discussed,0,0,0,0,0,0,0,0,0,0,0,0,0,0,0,0,0,0,0,0
discusses,0,0,0,0,0,0,0,0,0,0,0,0,0,0,0,0,0,0,0,0
discussing,0,0,0,0,0,0,0,0,0,0,0,0,0,0,0,0,0,0,0,0
exist,0,0,0,0,0,0,0,0,0,0,0,0,0,0,0,0,0,0,0,0
existed,0,0,0,0,0,0,0,0,0,0,0,0,0,0,0,0,0,0,0,0
existing,0,0,0,0,0,0,0,0,0,0,0,0,0,0,0,0,0,0,0,0
exists,0,0,0,0,0,0,0,0,0,0,0,0,0,0,0,0,0,0,0,0
facilities,0,0,0,0,0,0,0,0,0,0,0,0,0,0,0,0,0,0,0,0
facility,0,0,0,0,0,0,0,0,0,0,0,0,0,0,0,0,0,0,0,0
feel,0,0,0,0,0,0,0,0,0,0,0,0,0,0,0,0,0,0,0,0
feeling,0,0,0,0,0,0,0,0,0,0,0,0,0,0,0,0,0,0,0,0
feels,0,0,0,0,0,0,0,0,0,0,0,0,0,0,0,0,0,0,0,0
felt,0,0,0,0,0,0,0,0,0,0,0,0,0,0,0,0,0,0,0,0
help,0,0,0,0,0,0,0,0,0,1,1,0,0,0,0,0,0,0,0,0
helped,0,0,0,0,0,0,0,0,0,1,1,0,0,0,0,0,0,0,0,0
helping,0,0,0,0,0,0,0,0,0,1,1,0,0,0,0,0,0,0,0,0
helps,0,0,0,0,0,0,0,0,0,1,1,0,0,0,0,0,0,0,0,0
impact,0,0,0,0,0,0,0,0,0,0,0,0,0,0,0,0,0,0,0,0
impacted,0,0,0,0,0,0,0,0,0,0,0,0,0,0,0,0,0,0,0,0
impacting,0,0,0,0,0,0,0,0,0,0,0,0,0,0,0,0,0,0,0,0
impacts,0,0,0,0,0,0,0,0,0,0,0,0,0,0,0,0,0,0,0,0
issue,0,0,0,0,0,0,0,0,0,0,0,0,0,0,0,0,0,0,0,0
issued,0,0,0,0,0,0,0,0,0,0,0,0,0,0,0,0,0,0,0,0
issues,0,0,0,0,0,0,0,0,0,0,0,0,0,0,0,0,0,0,0,0
issuing,0,0,0,0,0,0,0,0,0,0,0,0,0,0,0,0,0,0,0,0
kid,0,0,0,0,0,0,0,0,0,0,0,0,0,0,0,0,0,0,0,0
kidded,0,0,0,0,0,0,0,0,0,0,0,0,0,0,0,0,0,0,0,0
kidding,0,0,0,0,0,0,0,0,0,0,0,0,0,0,0,0,0,0,0,0
kids,0,0,0,0,0,0,0,0,0,0,0,0,0,0,0,0,0,0,0,0
kind,0,0,0,0,0,0,0,0,0,0,0,0,0,0,0,0,0,0,0,0
kinds,0,0,0,0,0,0,0,0,0,0,0,0,0,0,0,0,0,0,0,0
move,0,0,0,0,0,0,0,0,0,0,0,0,0,0,0,0,0,0,0,0
moved,0,0,0,0,0,0,0,0,0,0,0,0,0,0,0,0,0,0,0,0
moves,0,0,0,0,0,0,0,0,0,0,0,0,0,0,0,0,0,0,0,0
moving,0,0,0,0,0,0,0,0,0,0,0,0,0,0,0,0,0,0,0,0
play,0,0,0,0,0,0,0,0,0,0,0,0,0,0,0,0,0,0,0,0
played,0,0,0,0,0,0,0,0,0,0,0,0,0,0,0,0,0,0,0,0
playing,0,0,0,0,0,0,0,0,0,0,0,0,0,0,0,0,0,0,0,0
plays,0,0,0,0,0,0,0,0,0,0,0,0,0,0,0,0,0,0,0,0
promote,0,0,0,0,0,0,0,0,0,0,0,0,0,0,0,0,0,0,0,0
promoted,0,0,0,0,0,0,0,0,0,0,0,0,0,0,0,0,0,0,0,0
promotes,0,0,0,0,0,0,0,0,0,0,0,0,0,0,0,0,0,0,0,0
promoting,0,0,0,0,0,0,0,0,0,0,0,0,0,0,0,0,0,0,0,0
recycle,0,0,0,0,0,0,0,0,0,0,0,0,0,0,0,0,0,0,0,0
recycled,0,0,0,0,0,0,0,0,0,0,0,0,0,0,0,0,0,0,0,0
recycles,0,0,0,0,0,0,0,0,0,0,0,0,0,0,0,0,0,0,0,0
recycling,0,0,0,0,0,0,0,0,0,0,0,0,0,0,0,0,0,0,0,0
responsibilities,0,0,0,0,0,0,0,0,0,0,0,0,0,0,0,0,0,0,0,0
responsibility,0,0,0,0,0,0,0,0,0,0,0,0,0,0,0,0,0,0,0,0
review,0,0,0,0,0,0,0,0,0,0,0,0,0,0,0,0,0,0,0,0
reviewed,0,0,0,0,0,0,0,0,0,0,0,0,0,0,0,0,0,0,0,0
reviewing,0,0,0,0,0,0,0,0,0,0,0,0,0,0,0,0,0,0,0,0
reviews,0,0,0,0,0,0,0,0,0,0,0,0,0,0,0,0,0,0,0,0
right,0,0,0,0,0,0,0,0,0,0,0,0,0,0,0,0,0,0,0,0
righted,0,0,0,0,0,0,0,0,0,0,0,0,0,0,0,0,0,0,0,0
righting,0,0,0,0,0,0,0,0,0,0,0,0,0,0,0,0,0,0,0,0
rights,0,0,0,0,0,0,0,0,0,0,0,0,0,0,0,0,0,0,0,0
round,0,0,0,0,0,0,0,0,0,0,0,0,0,0,0,0,0,0,0,0
rounded,0,0,0,0,0,0,0,0,0,0,0,0,0,0,0,0,0,0,0,0
rounding,0,0,0,0,0,0,0,0,0,0,0,0,0,0,0,0,0,0,0,0
rounds,0,0,0,0,0,0,0,0,0,0,0,0,0,0,0,0,0,0,0,0
step,0,0,0,0,0,0,0,0,0,0,0,0,0,0,0,0,0,0,0,0
stepped,0,0,0,0,0,0,0,0,0,0,0,0,0,0,0,0,0,0,0,0
stepping,0,0,0,0,0,0,0,0,0,0,0,0,0,0,0,0,0,0,0,0
steps,0,0,0,0,0,0,0,0,0,0,0,0,0,0,0,0,0,0,0,0
tag,0,0,0,0,0,0,0,0,0,0,0,0,0,0,0,0,0,0,0,0
tagged,0,0,0,0,0,0,0,0,0,0,0,0,0,0,0,0,0,0,0,0
tagging,0,0,0,0,0,0,0,0,0,0,0,0,0,0,0,0,0,0,0,0
tags,0,0,0,0,0,0,0,0,0,0,0,0,0,0,0,0,0,0,0,0
thing,0,0,0,0,0,0,0,0,0,0,0,0,0,0,0,0,0,0,0,0
things,0,0,0,0,0,0,0,0,0,0,0,0,0,0,0,0,0,0,0,0
payment,0,0,0,0,1,1,1,1,1,1,1,0,0,1,1,0,0,1,0,0
payments,0,0,0,0,1,1,1,1,1,1,1,0,0,1,1,0,0,1,0,0
action,0,0,0,0,0,0,1,0,0,0,1,0,0,0,0,0,0,0,0,0
actioned,0,0,0,0,0,0,1,0,0,0,1,0,0,0,0,0,0,0,0,0
actioning,0,0,0,0,0,0,1,0,0,0,1,0,0,0,0,0,0,0,0,0
actions,0,0,0,0,0,0,1,0,0,0,1,0,0,0,0,0,0,0,0,0
deploy,0,1,0,0,0,0,0,0,0,0,0,0,0,0,0,0,0,0,0,0
deployed,0,1,0,0,0,0,0,0,0,0,0,0,0,0,0,0,0,0,0,0
deploying,0,1,0,0,0,0,0,0,0,0,0,0,0,0,0,0,0,0,0,0
deploys,0,1,0,0,0,0,0,0,0,0,0,0,0,0,0,0,0,0,0,0
perform,0,0,0,0,0,0,0,0,0,0,1,0,0,0,0,0,0,0,0,0
performed,0,0,0,0,0,0,0,0,0,0,1,0,0,0,0,0,0,0,0,0
performing,0,0,0,0,0,0,0,0,0,0,1,0,0,0,0,0,0,0,0,0
performs,0,0,0,0,0,0,0,0,0,0,1,0,0,0,0,0,0,0,0,0
priorities,0,0,0,0,0,0,1,0,1,0,0,0,0,0,0,0,0,0,0,0
priority,0,0,0,0,0,0,1,0,1,0,0,0,0,0,0,0,0,0,0,0
recommendation,0,0,0,0,0,0,0,0,0,0,1,0,0,0,0,0,0,0,0,0
recommendations,0,0,0,0,0,0,0,0,0,0,1,0,0,0,0,0,0,0,0,0
status,0,0,0,0,0,0,0,1,0,0,1,0,0,0,0,0,0,1,0,0
statuses,0,0,0,0,0,0,0,1,0,0,1,0,0,0,0,0,0,1,0,0
usage,0,0,0,0,0,0,1,1,0,0,0,0,0,0,0,1,0,0,0,0
usages,0,0,0,0,0,0,1,1,0,0,0,0,0,0,0,1,0,0,0,0
visitor,1,0,0,0,1,0,0,1,0,1,0,0,0,0,0,0,0,0,0,0
visitors,1,0,0,0,1,0,0,1,0,1,0,0,0,0,0,0,0,0,0,0
address,0,0,0,0,0,0,0,0,0,0,0,0,0,0,0,0,0,0,0,0
addressed,0,0,0,0,0,0,0,0,0,0,0,0,0,0,0,0,0,0,0,0
addresses,0,0,0,0,0,0,0,0,0,0,0,0,0,0,0,0,0,0,0,0
addressing,0,0,0,0,0,0,0,0,0,0,0,0,0,0,0,0,0,0,0,0
api,0,0,0,0,0,0,0,1,0,0,0,0,0,0,0,0,0,0,0,0
app,0,1,0,0,1,1,1,1,0,1,1,0,0,0,1,0,0,1,0,0
apps,0,1,0,0,1,1,1,1,0,1,1,0,0,0,1,0,0,1,0,0
applied,0,0,0,0,0,0,0,0,0,1,0,0,0,0,0,0,0,0,0,0
applies,0,0,0,0,0,0,0,0,0,1,0,0,0,0,0,0,0,0,0,0
apply,0,0,0,0,0,0,0,0,0,1,0,0,0,0,0,0,0,0,0,0
applying,0,0,0,0,0,0,0,0,0,1,0,0,0,0,0,0,0,0,0,0
attend,0,0,0,0,0,0,0,0,0,0,0,0,0,0,0,0,0,0,0,0
attended,0,0,0,0,0,0,0,0,0,0,0,0,0,0,0,0,0,0,0,0
attending,0,0,0,0,0,0,0,0,0,0,0,0,0,0,0,0,0,0,0,0
attends,0,0,0,0,0,0,0,0,0,0,0,0,0,0,0,0,0,0,0,0
attendance,0,0,0,0,0,0,0,0,0,0,0,0,0,0,0,0,0,0,0,0
attendances,0,0,0,0,0,0,0,0,0,0,0,0,0,0,0,0,0,0,0,0
base,0,0,0,0,0,0,0,0,0,0,0,0,0,0,0,0,0,0,0,0
based,0,0,0,0,0,0,0,0,0,0,0,0,0,0,0,0,0,0,0,0
bases,0,0,0,0,0,0,0,0,0,0,0,0,0,0,0,0,0,0,0,0
basing,0,0,0,0,0,0,0,0,0,0,0,0,0,0,0,0,0,0,0,0
blog,0,0,0,0,0,0,1,1,0,1,1,0,0,0,0,1,0,0,0,0
cite,0,0,0,0,0,0,0,0,0,0,0,0,0,0,0,0,0,0,0,0
cited,0,0,0,0,0,0,0,0,0,0,0,0,0,0,0,0,0,0,0,0
cites,0,0,0,0,0,0,0,0,0,0,0,0,0,0,0,0,0,0,0,0
citing,0,0,0,0,0,0,0,0,0,0,0,0,0,0,0,0,0,0,0,0
confirm,1,0,0,0,0,0,1,0,0,1,0,0,0,0,0,0,0,0,0,0
confirmed,1,0,0,0,0,0,1,0,0,1,0,0,0,0,0,0,0,0,0,0
confirming,1,0,0,0,0,0,1,0,0,1,0,0,0,0,0,0,0,0,0,0
confirms,1,0,0,0,0,0,1,0,0,1,0,0,0,0,0,0,0,0,0,0
consent,0,0,0,0,0,0,1,1,0,0,0,0,0,0,0,0,0,0,0,0
consented,0,0,0,0,0,0,1,1,0,0,0,0,0,0,0,0,0,0,0,0
consenting,0,0,0,0,0,0,1,1,0,0,0,0,0,0,0,0,0,0,0,0
consents,0,0,0,0,0,0,1,1,0,0,0,0,0,0,0,0,0,0,0,0
consumer,0,0,0,0,1,0,0,1,0,1,0,0,0,0,0,0,0,1,0,0
consumers,0,0,0,0,1,0,0,1,0,1,0,0,0,0,0,0,0,1,0,0
demonstrate,0,0,0,0,0,0,0,0,0,0,1,0,0,0,0,0,0,0,0,0
demonstrated,0,0,0,0,0,0,0,0,0,0,1,0,0,0,0,0,0,0,0,0
demonstrates,0,0,0,0,0,0,0,0,0,0,1,0,0,0,0,0,0,0,0,0
demonstrating,0,0,0,0,0,0,0,0,0,0,1,0,0,0,0,0,0,0,0,0
document,0,0,0,0,0,0,1,1,0,0,0,0,0,0,0,0,0,0,0,0
documented,0,0,0,0,0,0,1,1,0,0,0,0,0,0,0,0,0,0,0,0
documenting,0,0,0,0,0,0,1,1,0,0,0,0,0,0,0,0,0,0,0,0
documents,0,0,0,0,0,0,1,1,0,0,0,0,0,0,0,0,0,0,0,0
doi,0,0,0,0,0,0,0,0,0,0,0,0,0,0,0,0,0,0,0,0
encourage,0,0,0,0,0,0,0,0,0,0,0,0,0,0,0,0,0,0,0,0
encouraged,0,0,0,0,0,0,0,0,0,0,0,0,0,0,0,0,0,0,0,0
encourages,0,0,0,0,0,0,0,0,0,0,0,0,0,0,0,0,0,0,0,0
encouraging,0,0,0,0,0,0,0,0,0,0,0,0,0,0,0,0,0,0,0,0
environment,0,0,0,0,0,0,1,1,0,1,1,0,0,0,0,0,0,1,0,0
environments,0,0,0,0,0,0,1,1,0,1,1,0,0,0,0,0,0,1,0,0
evaluate,0,0,0,0,0,0,0,0,0,0,1,0,0,0,0,0,0,0,0,0
evaluated,0,0,0,0,0,0,0,0,0,0,1,0,0,0,0,0,0,0,0,0
evaluates,0,0,0,0,0,0,0,0,0,0,1,0,0,0,0,0,0,0,0,0
evaluating,0,0,0,0,0,0,0,0,0,0,1,0,0,0,0,0,0,0,0,0
example,0,0,0,0,0,0,0,0,0,0,0,0,0,0,0,0,0,0,0,0
exampled,0,0,0,0,0,0,0,0,0,0,0,0,0,0,0,0,0,0,0,0
examples,0,0,0,0,0,0,0,0,0,0,0,0,0,0,0,0,0,0,0,0
exampling,0,0,0,0,0,0,0,0,0,0,0,0,0,0,0,0,0,0,0,0
experience,0,0,0,0,0,0,0,0,0,0,0,0,0,0,0,0,0,0,0,0
experienced,0,0,0,0,0,0,0,0,0,0,0,0,0,0,0,0,0,0,0,0
experiences,0,0,0,0,0,0,0,0,0,0,0,0,0,0,0,0,0,0,0,0
experiencing,0,0,0,0,0,0,0,0,0,0,0,0,0,0,0,0,0,0,0,0
fab,0,0,0,0,0,0,0,0,0,0,0,0,0,0,0,0,0,0,0,0
fabs,0,0,0,0,0,0,0,0,0,0,0,0,0,0,0,0,0,0,0,0
fill,0,0,0,0,0,0,0,0,0,1,1,0,0,0,0,0,0,0,0,0
filled,0,0,0,0,0,0,0,0,0,1,1,0,0,0,0,0,0,0,0,0
filling,0,0,0,0,0,0,0,0,0,1,1,0,0,0,0,0,0,0,0,0
fills,0,0,0,0,0,0,0,0,0,1,1,0,0,0,0,0,0,0,0,0
fix,0,0,0,0,0,0,1,0,0,0,0,0,0,0,0,0,0,0,0,0
fixed,0,0,0,0,0,0,1,0,0,0,0,0,0,0,0,0,0,0,0,0
fixes,0,0,0,0,0,0,1,0,0,0,0,0,0,0,0,0,0,0,0,0
fixing,0,0,0,0,0,0,1,0,0,0,0,0,0,0,0,0,0,0,0,0
held,0,0,0,0,0,0,0,0,0,0,0,0,0,0,0,0,0,0,0,0
hold,0,0,0,0,0,0,0,0,0,0,0,0,0,0,0,0,0,0,0,0
holding,0,0,0,0,0,0,0,0,0,0,0,0,0,0,0,0,0,0,0,0
holds,0,0,0,0,0,0,0,0,0,0,0,0,0,0,0,0,0,0,0,0
hypotheses,0,0,0,0,0,0,0,0,0,0,0,0,0,0,0,0,0,0,0,0
hypothesis,0,0,0,0,0,0,0,0,0,0,0,0,0,0,0,0,0,0,0,0
hypothesised,0,0,0,0,0,0,0,0,0,0,0,0,0,0,0,0,0,0,0,0
hypothesises,0,0,0,0,0,0,0,0,0,0,0,0,0,0,0,0,0,0,0,0
hypothesising,0,0,0,0,0,0,0,0,0,0,0,0,0,0,0,0,0,0,0,0
implement,0,1,0,0,0,0,0,0,0,0,0,0,0,0,0,0,0,0,0,0
implemented,0,1,0,0,0,0,0,0,0,0,0,0,0,0,0,0,0,0,0,0
implementing,0,1,0,0,0,0,0,0,0,0,0,0,0,0,0,0,0,0,0,0
implements,0,1,0,0,0,0,0,0,0,0,0,0,0,0,0,0,0,0,0,0
interview,0,0,0,0,0,0,0,0,0,1,1,0,0,0,0,0,0,0,0,0
interviewed,0,0,0,0,0,0,0,0,0,1,1,0,0,0,0,0,0,0,0,0
interviewing,0,0,0,0,0,0,0,0,0,1,1,0,0,0,0,0,0,0,0,0
interviews,0,0,0,0,0,0,0,0,0,1,1,0,0,0,0,0,0,0,0,0
mark,0,0,0,0,0,0,0,0,0,0,0,0,0,0,0,0,0,0,0,0
marked,0,0,0,0,0,0,0,0,0,0,0,0,0,0,0,0,0,0,0,0
marking,0,0,0,0,0,0,0,0,0,0,0,0,0,0,0,0,0,0,0,0
marks,0,0,0,0,0,0,0,0,0,0,0,0,0,0,0,0,0,0,0,0
mind,0,0,0,0,0,0,0,0,0,0,0,0,0,0,0,0,0,0,0,0
minded,0,0,0,0,0,0,0,0,0,0,0,0,0,0,0,0,0,0,0,0
minding,0,0,0,0,0,0,0,0,0,0,0,0,0,0,0,0,0,0,0,0
minds,0,0,0,0,0,0,0,0,0,0,0,0,0,0,0,0,0,0,0,0
paper,0,0,0,0,0,0,0,0,0,0,0,0,0,0,0,0,0,0,0,0
papered,0,0,0,0,0,0,0,0,0,0,0,0,0,0,0,0,0,0,0,0
papering,0,0,0,0,0,0,0,0,0,0,0,0,0,0,0,0,0,0,0,0
papers,0,0,0,0,0,0,0,0,0,0,0,0,0,0,0,0,0,0,0,0
partied,0,0,0,0,0,0,0,0,0,0,0,0,0,0,0,0,0,0,0,0
parties,0,0,0,0,0,0,0,0,0,0,0,0,0,0,0,0,0,0,0,0
party,0,0,0,0,0,0,0,0,0,0,0,0,0,0,0,0,0,0,0,0
partying,0,0,0,0,0,0,0,0,0,0,0,0,0,0,0,0,0,0,0,0
paid,0,0,0,0,1,1,1,1,1,1,1,0,0,1,1,0,0,1,0,0
pay,0,0,0,0,1,1,1,1,1,1,1,0,0,1,1,0,0,1,0,0
paying,0,0,0,0,1,1,1,1,1,1,1,0,0,1,1,0,0,1,0,0
pays,0,0,0,0,1,1,1,1,1,1,1,0,0,1,1,0,0,1,0,0
period,0,0,0,0,0,0,0,0,0,0,0,0,0,0,0,0,0,0,0,0
periods,0,0,0,0,0,0,0,0,0,0,0,0,0,0,0,0,0,0,0,0
point,0,0,0,0,0,0,0,0,0,0,0,0,0,0,0,0,0,0,0,0
pointed,0,0,0,0,0,0,0,0,0,0,0,0,0,0,0,0,0,0,0,0
pointing,0,0,0,0,0,0,0,0,0,0,0,0,0,0,0,0,0,0,0,0
points,0,0,0,0,0,0,0,0,0,0,0,0,0,0,0,0,0,0,0,0
preserve,0,0,0,0,0,0,0,0,0,0,0,0,0,0,0,0,0,0,0,0
preserved,0,0,0,0,0,0,0,0,0,0,0,0,0,0,0,0,0,0,0,0
preserves,0,0,0,0,0,0,0,0,0,0,0,0,0,0,0,0,0,0,0,0
preserving,0,0,0,0,0,0,0,0,0,0,0,0,0,0,0,0,0,0,0,0
qualities,0,0,0,0,0,0,0,0,0,0,0,0,0,0,0,0,0,0,0,0
quality,0,0,0,0,0,0,0,0,0,0,0,0,0,0,0,0,0,0,0,0
question,0,0,0,0,0,0,0,0,0,1,1,0,0,0,0,0,0,0,0,0
questioned,0,0,0,0,0,0,0,0,0,1,1,0,0,0,0,0,0,0,0,0
questioning,0,0,0,0,0,0,0,0,0,1,1,0,0,0,0,0,0,0,0,0
questions,0,0,0,0,0,0,0,0,0,1,1,0,0,0,0,0,0,0,0,0
recruit,0,0,0,0,0,0,0,0,0,0,0,0,0,0,0,0,0,0,0,0
recruited,0,0,0,0,0,0,0,0,0,0,0,0,0,0,0,0,0,0,0,0
recruiting,0,0,0,0,0,0,0,0,0,0,0,0,0,0,0,0,0,0,0,0
recruits,0,0,0,0,0,0,0,0,0,0,0,0,0,0,0,0,0,0,0,0
reference,0,0,0,0,0,0,0,0,0,0,0,0,0,0,0,0,0,0,0,0
referenced,0,0,0,0,0,0,0,0,0,0,0,0,0,0,0,0,0,0,0,0
references,0,0,0,0,0,0,0,0,0,0,0,0,0,0,0,0,0,0,0,0
referencing,0,0,0,0,0,0,0,0,0,0,0,0,0,0,0,0,0,0,0,0
reflect,0,0,0,0,0,0,0,0,0,0,0,0,0,0,0,0,0,0,0,0
reflected,0,0,0,0,0,0,0,0,0,0,0,0,0,0,0,0,0,0,0,0
reflecting,0,0,0,0,0,0,0,0,0,0,0,0,0,0,0,0,0,0,0,0
reflects,0,0,0,0,0,0,0,0,0,0,0,0,0,0,0,0,0,0,0,0
room,0,0,0,0,0,0,0,0,0,0,0,0,0,0,0,0,0,0,0,0
roomed,0,0,0,0,0,0,0,0,0,0,0,0,0,0,0,0,0,0,0,0
rooming,0,0,0,0,0,0,0,0,0,0,0,0,0,0,0,0,0,0,0,0
rooms,0,0,0,0,0,0,0,0,0,0,0,0,0,0,0,0,0,0,0,0
rule,0,0,0,0,0,0,0,0,1,0,0,0,0,0,0,0,0,0,0,0
ruled,0,0,0,0,0,0,0,0,1,0,0,0,0,0,0,0,0,0,0,0
rules,0,0,0,0,0,0,0,0,1,0,0,0,0,0,0,0,0,0,0,0
ruling,0,0,0,0,0,0,0,0,1,0,0,0,0,0,0,0,0,0,0,0
send,0,0,0,0,1,0,0,0,0,1,1,0,0,0,0,0,0,0,0,0
sending,0,0,0,0,1,0,0,0,0,1,1,0,0,0,0,0,0,0,0,0
sends,0,0,0,0,1,0,0,0,0,1,1,0,0,0,0,0,0,0,0,0
sent,0,0,0,0,1,0,0,0,0,1,1,0,0,0,0,0,0,0,0,0
spreadsheet,0,0,0,0,0,0,0,0,0,0,1,0,0,0,0,1,0,0,0,0
spreadsheets,0,0,0,0,0,0,0,0,0,0,1,0,0,0,0,1,0,0,0,0
stay,0,0,0,0,0,0,0,0,0,0,0,0,0,0,0,0,0,0,0,0
stayed,0,0,0,0,0,0,0,0,0,0,0,0,0,0,0,0,0,0,0,0
staying,0,0,0,0,0,0,0,0,0,0,0,0,0,0,0,0,0,0,0,0
stays,0,0,0,0,0,0,0,0,0,0,0,0,0,0,0,0,0,0,0,0
term,0,0,0,0,0,0,0,0,0,0,0,0,0,0,0,0,0,0,0,0
termed,0,0,0,0,0,0,0,0,0,0,0,0,0,0,0,0,0,0,0,0
terming,0,0,0,0,0,0,0,0,0,0,0,0,0,0,0,0,0,0,0,0
terms,0,0,0,0,0,0,0,0,0,0,0,0,0,0,0,0,0,0,0,0
text,0,0,0,0,0,0,0,0,0,1,1,0,0,0,1,0,0,0,0,0
texts,0,0,0,0,0,0,0,0,0,1,1,0,0,0,1,0,0,0,0,0
title,0,0,0,0,0,0,0,0,0,1,1,0,0,0,1,0,0,0,0,0
titled,0,0,0,0,0,0,0,0,0,1,1,0,0,0,1,0,0,0,0,0
titles,0,0,0,0,0,0,0,0,0,1,1,0,0,0,1,0,0,0,0,0
titling,0,0,0,0,0,0,0,0,0,1,1,0,0,0,1,0,0,0,0,0
topic,0,0,0,0,0,0,0,0,0,0,0,0,0,0,0,0,0,0,0,0
topics,0,0,0,0,0,0,0,0,0,0,0,0,0,0,0,0,0,0,0,0
waste,0,0,0,0,0,0,0,0,0,0,0,0,0,0,0,0,0,0,0,0
wasted,0,0,0,0,0,0,0,0,0,0,0,0,0,0,0,0,0,0,0,0
wastes,0,0,0,0,0,0,0,0,0,0,0,0,0,0,0,0,0,0,0,0
wasting,0,0,0,0,0,0,0,0,0,0,0,0,0,0,0,0,0,0,0,0
write,0,0,0,0,0,0,1,0,0,1,1,0,0,0,0,1,0,0,0,0
writes,0,0,0,0,0,0,1,0,0,1,1,0,0,0,0,1,0,0,0,0
writing,0,0,0,0,0,0,1,0,0,1,1,0,0,0,0,1,0,0,0,0
written,0,0,0,0,0,0,1,0,0,1,1,0,0,0,0,1,0,0,0,0
wrote,0,0,0,0,0,0,1,0,0,1,1,0,0,0,0,1,0,0,0,0
year,0,0,0,0,0,0,0,0,0,0,0,0,0,0,0,0,0,0,0,0
years,0,0,0,0,0,0,0,0,0,0,0,0,0,0,0,0,0,0,0,0
calculate,0,0,0,0,0,0,0,0,0,0,1,0,0,0,0,0,0,0,0,0
calculated,0,0,0,0,0,0,0,0,0,0,1,0,0,0,0,0,0,0,0,0
calculates,0,0,0,0,0,0,0,0,0,0,1,0,0,0,0,0,0,0,0,0
calculating,0,0,0,0,0,0,0,0,0,0,1,0,0,0,0,0,0,0,0,0
compare,0,0,0,0,0,0,0,1,0,0,1,0,0,0,0,0,0,0,0,0
compared,0,0,0,0,0,0,0,1,0,0,1,0,0,0,0,0,0,0,0,0
compares,0,0,0,0,0,0,0,1,0,0,1,0,0,0,0,0,0,0,0,0
comparing,0,0,0,0,0,0,0,1,0,0,1,0,0,0,0,0,0,0,0,0
custom,0,0,0,0,0,0,0,0,0,0,0,0,0,0,0,0,0,0,0,0
customs,0,0,0,0,0,0,0,0,0,0,0,0,0,0,0,0,0,0,0,0
display,0,0,0,0,0,0,0,0,0,0,1,0,0,0,0,0,0,0,0,0
displayed,0,0,0,0,0,0,0,0,0,0,1,0,0,0,0,0,0,0,0,0
displaying,0,0,0,0,0,0,0,0,0,0,1,0,0,0,0,0,0,0,0,0
displays,0,0,0,0,0,0,0,0,0,0,1,0,0,0,0,0,0,0,0,0
expertise,0,0,0,0,0,0,1,0,0,0,0,0,0,0,0,0,0,0,0,0
expertised,0,0,0,0,0,0,1,0,0,0,0,0,0,0,0,0,0,0,0,0
expertises,0,0,0,0,0,0,1,0,0,0,0,0,0,0,0,0,0,0,0,0
expertising,0,0,0,0,0,0,1,0,0,0,0,0,0,0,0,0,0,0,0,0
join,0,0,0,0,0,0,0,0,0,0,0,0,0,0,0,0,0,0,0,0
joined,0,0,0,0,0,0,0,0,0,0,0,0,0,0,0,0,0,0,0,0
joining,0,0,0,0,0,0,0,0,0,0,0,0,0,0,0,0,0,0,0,0
joins,0,0,0,0,0,0,0,0,0,0,0,0,0,0,0,0,0,0,0,0
match,0,0,0,0,0,0,1,0,0,0,0,0,0,0,0,0,0,0,0,0
matched,0,0,0,0,0,0,1,0,0,0,0,0,0,0,0,0,0,0,0,0
matches,0,0,0,0,0,0,1,0,0,0,0,0,0,0,0,0,0,0,0,0
matching,0,0,0,0,0,0,1,0,0,0,0,0,0,0,0,0,0,0,0,0
node,0,0,0,0,0,0,0,1,0,0,0,0,0,0,0,0,0,1,0,0
nodes,0,0,0,0,0,0,0,1,0,0,0,0,0,0,0,0,0,1,0,0
outcome,0,0,0,0,0,0,0,0,0,0,1,0,0,0,0,0,0,0,0,0
outcomes,0,0,0,0,0,0,0,0,0,0,1,0,0,0,0,0,0,0,0,0
overwrite,0,0,0,0,0,0,1,0,0,0,0,0,0,0,0,1,0,0,0,0
overwrites,0,0,0,0,0,0,1,0,0,0,0,0,0,0,0,1,0,0,0,0
overwriting,0,0,0,0,0,0,1,0,0,0,0,0,0,0,0,1,0,0,0,0
overwritten,0,0,0,0,0,0,1,0,0,0,0,0,0,0,0,1,0,0,0,0
overwrote,0,0,0,0,0,0,1,0,0,0,0,0,0,0,0,1,0,0,0,0
protect,0,1,0,0,0,0,1,1,0,0,0,0,0,0,0,0,0,0,0,0
protected,0,1,0,0,0,0,1,1,0,0,0,0,0,0,0,0,0,0,0,0
protecting,0,1,0,0,0,0,1,1,0,0,0,0,0,0,0,0,0,0,0,0
protects,0,1,0,0,0,0,1,1,0,0,0,0,0,0,0,0,0,0,0,0
reuse,0,0,0,0,0,0,1,1,0,0,0,0,0,0,0,0,0,0,0,0
reused,0,0,0,0,0,0,1,1,0,0,0,0,0,0,0,0,0,0,0,0
reuses,0,0,0,0,0,0,1,1,0,0,0,0,0,0,0,0,0,0,0,0
reusing,0,0,0,0,0,0,1,1,0,0,0,0,0,0,0,0,0,0,0,0
ran,0,0,0,0,0,0,0,0,0,0,0,0,0,0,0,0,0,0,0,0
run,0,0,0,0,0,0,0,0,0,0,0,0,0,0,0,0,0,0,0,0
running,0,0,0,0,0,0,0,0,0,0,0,0,0,0,0,0,0,0,0,0
runs,0,0,0,0,0,0,0,0,0,0,0,0,0,0,0,0,0,0,0,0
schema,0,0,0,0,0,0,0,1,0,0,0,1,0,1,1,0,0,1,0,0
schemata,0,0,0,0,0,0,0,1,0,0,0,1,0,1,1,0,0,1,0,0
software,0,0,0,0,0,0,1,1,0,0,0,0,0,0,0,0,0,1,0,0
softwares,0,0,0,0,0,0,1,1,0,0,0,0,0,0,0,0,0,1,0,0
stakeholder,0,0,0,0,0,0,0,0,0,0,0,0,0,0,0,0,0,0,0,0
stakeholders,0,0,0,0,0,0,0,0,0,0,0,0,0,0,0,0,0,0,0,0
testing,0,0,0,0,0,0,1,1,0,1,1,0,0,0,0,0,0,0,0,0
testings,0,0,0,0,0,0,1,1,0,1,1,0,0,0,0,0,0,0,0,0
visit,0,0,0,0,0,0,0,0,0,1,1,0,0,0,0,0,0,1,0,0
visited,0,0,0,0,0,0,0,0,0,1,1,0,0,0,0,0,0,1,0,0
visiting,0,0,0,0,0,0,0,0,0,1,1,0,0,0,0,0,0,1,0,0
visits,0,0,0,0,0,0,0,0,0,1,1,0,0,0,0,0,0,1,0,0
preview,0,0,0,0,0,0,0,0,0,1,1,0,0,0,0,0,0,0,0,0
previewed,0,0,0,0,0,0,0,0,0,1,1,0,0,0,0,0,0,0,0,0
previewing,0,0,0,0,0,0,0,0,0,1,1,0,0,0,0,0,0,0,0,0
previews,0,0,0,0,0,0,0,0,0,1,1,0,0,0,0,0,0,0,0,0
abilities,0,0,0,0,0,0,0,0,0,0,0,0,0,0,0,0,0,0,0,0
ability,0,0,0,0,0,0,0,0,0,0,0,0,0,0,0,0,0,0,0,0
agree,0,0,0,0,0,0,0,0,0,0,0,0,0,0,0,0,0,0,0,0
agreed,0,0,0,0,0,0,0,0,0,0,0,0,0,0,0,0,0,0,0,0
agreeing,0,0,0,0,0,0,0,0,0,0,0,0,0,0,0,0,0,0,0,0
agrees,0,0,0,0,0,0,0,0,0,0,0,0,0,0,0,0,0,0,0,0
approval,0,0,0,0,0,0,1,0,0,1,1,0,0,0,0,1,0,0,0,0
approvals,0,0,0,0,0,0,1,0,0,1,1,0,0,0,0,1,0,0,0,0
behalf,0,0,0,0,0,0,0,0,0,0,0,0,0,0,0,0,0,0,0,0
behalves,0,0,0,0,0,0,0,0,0,0,0,0,0,0,0,0,0,0,0,0
bodied,0,0,0,0,0,0,0,0,0,0,0,0,0,0,0,0,0,0,0,0
bodies,0,0,0,0,0,0,0,0,0,0,0,0,0,0,0,0,0,0,0,0
body,0,0,0,0,0,0,0,0,0,0,0,0,0,0,0,0,0,0,0,0
bodying,0,0,0,0,0,0,0,0,0,0,0,0,0,0,0,0,0,0,0,0
brand,0,0,0,0,0,0,0,0,0,0,0,0,0,0,0,0,0,0,0,0
branded,0,0,0,0,0,0,0,0,0,0,0,0,0,0,0,0,0,0,0,0
branding,0,0,0,0,0,0,0,0,0,0,0,0,0,0,0,0,0,0,0,0
brands,0,0,0,0,0,0,0,0,0,0,0,0,0,0,0,0,0,0,0,0
break,0,0,0,0,0,0,1,0,0,0,0,0,0,0,0,0,0,0,0,0
breaking,0,0,0,0,0,0,1,0,0,0,0,0,0,0,0,0,0,0,0,0
breaks,0,0,0,0,0,0,1,0,0,0,0,0,0,0,0,0,0,0,0,0
broke,0,0,0,0,0,0,1,0,0,0,0,0,0,0,0,0,0,0,0,0
broken,0,0,0,0,0,0,1,0,0,0,0,0,0,0,0,0,0,0,0,0
browse,0,0,0,0,0,0,0,0,0,1,1,0,0,0,0,0,0,1,0,0
browsed,0,0,0,0,0,0,0,0,0,1,1,0,0,0,0,0,0,1,0,0
browses,0,0,0,0,0,0,0,0,0,1,1,0,0,0,0,0,0,1,0,0
browsing,0,0,0,0,0,0,0,0,0,1,1,0,0,0,0,0,0,1,0,0
clutter,0,0,0,0,0,0,0,0,0,0,0,0,0,0,0,0,0,0,0,0
cluttered,0,0,0,0,0,0,0,0,0,0,0,0,0,0,0,0,0,0,0,0
cluttering,0,0,0,0,0,0,0,0,0,0,0,0,0,0,0,0,0,0,0,0
clutters,0,0,0,0,0,0,0,0,0,0,0,0,0,0,0,0,0,0,0,0
conduct,0,0,0,0,0,0,1,1,1,0,1,0,0,0,0,0,0,0,0,0
conducted,0,0,0,0,0,0,1,1,1,0,1,0,0,0,0,0,0,0,0,0
conducting,0,0,0,0,0,0,1,1,1,0,1,0,0,0,0,0,0,0,0,0
conducts,0,0,0,0,0,0,1,1,1,0,1,0,0,0,0,0,0,0,0,0
contact,0,0,0,0,0,0,0,1,0,0,1,0,0,0,0,0,0,0,0,0
contacted,0,0,0,0,0,0,0,1,0,0,1,0,0,0,0,0,0,0,0,0
contacting,0,0,0,0,0,0,0,1,0,0,1,0,0,0,0,0,0,0,0,0
contacts,0,0,0,0,0,0,0,1,0,0,1,0,0,0,0,0,0,0,0,0
copied,0,0,0,0,0,0,1,0,0,0,1,0,0,0,0,1,0,0,0,0
copies,0,0,0,0,0,0,1,0,0,0,1,0,0,0,0,1,0,0,0,0
copy,0,0,0,0,0,0,1,0,0,0,1,0,0,0,0,1,0,0,0,0
copying,0,0,0,0,0,0,1,0,0,0,1,0,0,0,0,1,0,0,0,0
correct,0,0,0,0,0,0,1,0,0,0,0,0,0,0,0,0,0,0,0,0
corrected,0,0,0,0,0,0,1,0,0,0,0,0,0,0,0,0,0,0,0,0
correcting,0,0,0,0,0,0,1,0,0,0,0,0,0,0,0,0,0,0,0,0
corrects,0,0,0,0,0,0,1,0,0,0,0,0,0,0,0,0,0,0,0,0
depend,0,0,0,0,0,0,0,1,0,0,0,0,0,0,0,0,0,0,0,0
depended,0,0,0,0,0,0,0,1,0,0,0,0,0,0,0,0,0,0,0,0
depending,0,0,0,0,0,0,0,1,0,0,0,0,0,0,0,0,0,0,0,0
depends,0,0,0,0,0,0,0,1,0,0,0,0,0,0,0,0,0,0,0,0
engage,0,0,0,0,0,0,1,0,0,0,0,0,0,0,0,0,0,0,0,0
engaged,0,0,0,0,0,0,1,0,0,0,0,0,0,0,0,0,0,0,0,0
engages,0,0,0,0,0,0,1,0,0,0,0,0,0,0,0,0,0,0,0,0
engaging,0,0,0,0,0,0,1,0,0,0,0,0,0,0,0,0,0,0,0,0
enroll,1,0,0,0,0,0,0,0,0,1,0,0,0,0,0,0,0,0,0,0
enrolled,1,0,0,0,0,0,0,0,0,1,0,0,0,0,0,0,0,0,0,0
enrolling,1,0,0,0,0,0,0,0,0,1,0,0,0,0,0,0,0,0,0,0
enrolls,1,0,0,0,0,0,0,0,0,1,0,0,0,0,0,0,0,0,0,0
facilitate,0,0,0,0,0,0,1,0,0,0,1,0,0,0,0,0,0,0,0,0
facilitated,0,0,0,0,0,0,1,0,0,0,1,0,0,0,0,0,0,0,0,0
facilitates,0,0,0,0,0,0,1,0,0,0,1,0,0,0,0,0,0,0,0,0
facilitating,0,0,0,0,0,0,1,0,0,0,1,0,0,0,0,0,0,0,0,0
fail,0,0,0,0,0,0,1,1,0,0,0,0,0,0,0,0,0,0,0,0
failed,0,0,0,0,0,0,1,1,0,0,0,0,0,0,0,0,0,0,0,0
failing,0,0,0,0,0,0,1,1,0,0,0,0,0,0,0,0,0,0,0,0
fails,0,0,0,0,0,0,1,1,0,0,0,0,0,0,0,0,0,0,0,0
feedback,0,0,0,0,0,0,1,0,0,0,1,0,0,0,0,0,0,0,0,0
feedbacks,0,0,0,0,0,0,1,0,0,0,1,0,0,0,0,0,0,0,0,0
fulfil,0,0,0,0,0,0,0,0,0,0,0,0,0,0,0,0,0,0,0,0
fulfilled,0,0,0,0,0,0,0,0,0,0,0,0,0,0,0,0,0,0,0,0
fulfilling,0,0,0,0,0,0,0,0,0,0,0,0,0,0,0,0,0,0,0,0
fulfils,0,0,0,0,0,0,0,0,0,0,0,0,0,0,0,0,0,0,0,0
funder,0,0,0,0,0,0,0,0,0,0,0,0,0,0,0,0,0,0,0,0
funders,0,0,0,0,0,0,0,0,0,0,0,0,0,0,0,0,0,0,0,0
hear,0,0,0,0,0,0,0,0,0,0,0,0,0,0,0,0,0,0,0,0
heard,0,0,0,0,0,0,0,0,0,0,0,0,0,0,0,0,0,0,0,0
hearing,0,0,0,0,0,0,0,0,0,0,0,0,0,0,0,0,0,0,0,0
hears,0,0,0,0,0,0,0,0,0,0,0,0,0,0,0,0,0,0,0,0
hour,0,0,0,0,0,0,0,0,0,0,0,0,0,0,0,0,0,0,0,0
hours,0,0,0,0,0,0,0,0,0,0,0,0,0,0,0,0,0,0,0,0
indicate,0,0,0,0,0,0,0,0,0,0,0,0,0,0,0,0,0,0,0,0
indicated,0,0,0,0,0,0,0,0,0,0,0,0,0,0,0,0,0,0,0,0
indicates,0,0,0,0,0,0,0,0,0,0,0,0,0,0,0,0,0,0,0,0
indicating,0,0,0,0,0,0,0,0,0,0,0,0,0,0,0,0,0,0,0,0
inform,0,0,0,0,0,0,0,1,0,0,1,0,0,0,0,0,0,0,0,0
informed,0,0,0,0,0,0,0,1,0,0,1,0,0,0,0,0,0,0,0,0
informing,0,0,0,0,0,0,0,1,0,0,1,0,0,0,0,0,0,0,0,0
informs,0,0,0,0,0,0,0,1,0,0,1,0,0,0,0,0,0,0,0,0
intend,0,0,0,0,0,0,0,0,0,0,0,0,0,0,0,0,0,0,0,0
intended,0,0,0,0,0,0,0,0,0,0,0,0,0,0,0,0,0,0,0,0
intending,0,0,0,0,0,0,0,0,0,0,0,0,0,0,0,0,0,0,0,0
intends,0,0,0,0,0,0,0,0,0,0,0,0,0,0,0,0,0,0,0,0
invite,0,0,0,0,0,0,0,0,0,1,0,0,0,0,0,0,0,0,0,0
invited,0,0,0,0,0,0,0,0,0,1,0,0,0,0,0,0,0,0,0,0
invites,0,0,0,0,0,0,0,0,0,1,0,0,0,0,0,0,0,0,0,0
inviting,0,0,0,0,0,0,0,0,0,1,0,0,0,0,0,0,0,0,0,0
log,0,0,0,0,0,0,0,1,0,0,0,0,0,0,0,1,0,0,0,0
logged,0,0,0,0,0,0,0,1,0,0,0,0,0,0,0,1,0,0,0,0
logging,0,0,0,0,0,0,0,1,0,0,0,0,0,0,0,1,0,0,0,0
logs,0,0,0,0,0,0,0,1,0,0,0,0,0,0,0,1,0,0,0,0
medium,0,0,0,0,0,0,0,0,0,0,0,0,0,0,0,0,0,0,0,0
mediums,0,0,0,0,0,0,0,0,0,0,0,0,0,0,0,0,0,0,0,0
meet,0,0,0,0,0,0,0,0,1,1,0,0,0,0,0,1,0,0,0,0
meeting,0,0,0,0,0,0,0,0,1,1,0,0,0,0,0,1,0,0,0,0
meets,0,0,0,0,0,0,0,0,1,1,0,0,0,0,0,1,0,0,0,0
met,0,0,0,0,0,0,0,0,1,1,0,0,0,0,0,1,0,0,0,0
number,0,0,0,0,0,0,0,0,0,0,0,0,0,0,0,0,0,0,0,0
numbered,0,0,0,0,0,0,0,0,0,0,0,0,0,0,0,0,0,0,0,0
numbering,0,0,0,0,0,0,0,0,0,0,0,0,0,0,0,0,0,0,0,0
numbers,0,0,0,0,0,0,0,0,0,0,0,0,0,0,0,0,0,0,0,0
participant,0,0,0,0,0,0,0,0,0,0,0,0,0,0,0,0,0,0,0,0
participants,0,0,0,0,0,0,0,0,0,0,0,0,0,0,0,0,0,0,0,0
person,0,0,0,0,0,0,0,0,0,0,0,0,0,0,0,0,0,0,0,0
persons,0,0,0,0,0,0,0,0,0,0,0,0,0,0,0,0,0,0,0,0
photo,0,0,0,0,0,0,0,0,0,1,1,0,0,0,0,0,0,0,0,0
photoed,0,0,0,0,0,0,0,0,0,1,1,0,0,0,0,0,0,0,0,0
photoing,0,0,0,0,0,0,0,0,0,1,1,0,0,0,0,0,0,0,0,0
photos,0,0,0,0,0,0,0,0,0,1,1,0,0,0,0,0,0,0,0,0
picture,0,0,0,0,0,0,0,0,0,1,1,0,0,0,0,0,0,0,0,0
pictured,0,0,0,0,0,0,0,0,0,1,1,0,0,0,0,0,0,0,0,0
pictures,0,0,0,0,0,0,0,0,0,1,1,0,0,0,0,0,0,0,0,0
picturing,0,0,0,0,0,0,0,0,0,1,1,0,0,0,0,0,0,0,0,0
present,0,0,0,0,0,0,1,0,0,0,1,0,0,0,0,0,0,0,0,0
presented,0,0,0,0,0,0,1,0,0,0,1,0,0,0,0,0,0,0,0,0
presenting,0,0,0,0,0,0,1,0,0,0,1,0,0,0,0,0,0,0,0,0
presents,0,0,0,0,0,0,1,0,0,0,1,0,0,0,0,0,0,0,0,0
put,0,0,0,0,0,0,1,1,0,1,1,0,0,0,0,0,0,1,0,0
puts,0,0,0,0,0,0,1,1,0,1,1,0,0,0,0,0,0,1,0,0
putting,0,0,0,0,0,0,1,1,0,1,1,0,0,0,0,0,0,1,0,0
stop,0,0,0,0,0,0,0,0,0,0,0,0,0,0,0,0,0,0,0,0
stopped,0,0,0,0,0,0,0,0,0,0,0,0,0,0,0,0,0,0,0,0
stopping,0,0,0,0,0,0,0,0,0,0,0,0,0,0,0,0,0,0,0,0
stops,0,0,0,0,0,0,0,0,0,0,0,0,0,0,0,0,0,0,0,0
summaries,0,0,0,0,0,0,0,0,0,0,1,0,0,0,0,0,0,0,0,0
summary,0,0,0,0,0,0,0,0,0,0,1,0,0,0,0,0,0,0,0,0
technologies,0,0,0,0,0,0,0,0,0,0,0,0,0,0,0,0,0,0,0,0
technology,0,0,0,0,0,0,0,0,0,0,0,0,0,0,0,0,0,0,0,0
think,0,0,0,0,0,0,0,0,0,0,0,0,0,0,0,0,0,0,0,0
thinking,0,0,0,0,0,0,0,0,0,0,0,0,0,0,0,0,0,0,0,0
thinks,0,0,0,0,0,0,0,0,0,0,0,0,0,0,0,0,0,0,0,0
thought,0,0,0,0,0,0,0,0,0,0,0,0,0,0,0,0,0,0,0,0
usefulness,0,0,0,0,0,0,0,0,0,0,0,0,0,0,0,0,0,0,0,0
usefulnesses,0,0,0,0,0,0,0,0,0,0,0,0,0,0,0,0,0,0,0,0
want,0,0,0,0,0,0,0,0,0,0,0,0,0,0,0,0,0,0,0,0
wanted,0,0,0,0,0,0,0,0,0,0,0,0,0,0,0,0,0,0,0,0
wanting,0,0,0,0,0,0,0,0,0,0,0,0,0,0,0,0,0,0,0,0
wants,0,0,0,0,0,0,0,0,0,0,0,0,0,0,0,0,0,0,0,0
trainee,0,0,0,0,1,1,0,0,0,0,0,0,0,0,0,0,0,0,0,1
trainees,0,0,0,0,1,1,0,0,0,0,0,0,0,0,0,0,0,0,0,1
trust,0,1,0,0,0,0,1,1,0,0,0,0,0,0,0,0,0,0,0,0
trusted,0,1,0,0,0,0,1,1,0,0,0,0,0,0,0,0,0,0,0,0
trusting,0,1,0,0,0,0,1,1,0,0,0,0,0,0,0,0,0,0,0,0
trusts,0,1,0,0,0,0,1,1,0,0,0,0,0,0,0,0,0,0,0,0
coordinator,0,0,0,0,0,0,1,0,1,0,0,0,0,0,0,0,0,0,0,0
coordinators,0,0,0,0,0,0,1,0,1,0,0,0,0,0,0,0,0,0,0,0
editor,0,0,0,0,0,0,0,0,0,0,0,0,0,0,0,0,0,0,0,0
editors,0,0,0,0,0,0,0,0,0,0,0,0,0,0,0,0,0,0,0,0
export,0,0,0,0,0,0,1,0,0,0,1,0,0,0,0,1,0,1,0,0
exported,0,0,0,0,0,0,1,0,0,0,1,0,0,0,0,1,0,1,0,0
exporting,0,0,0,0,0,0,1,0,0,0,1,0,0,0,0,1,0,1,0,0
exports,0,0,0,0,0,0,1,0,0,0,1,0,0,0,0,1,0,1,0,0
lifecycle,0,0,0,0,0,0,0,0,0,0,0,0,0,0,0,0,0,0,0,0
like,0,0,0,0,0,0,0,0,0,0,0,0,0,0,0,0,0,0,0,0
liked,0,0,0,0,0,0,0,0,0,0,0,0,0,0,0,0,0,0,0,0
likes,0,0,0,0,0,0,0,0,0,0,0,0,0,0,0,0,0,0,0,0
liking,0,0,0,0,0,0,0,0,0,0,0,0,0,0,0,0,0,0,0,0
manager,0,1,0,0,0,0,1,1,1,0,0,0,0,0,0,0,0,0,0,0
managers,0,1,0,0,0,0,1,1,1,0,0,0,0,0,0,0,0,0,0,0
need,0,0,0,0,0,0,0,0,0,0,0,0,0,0,0,0,0,0,0,0
needed,0,0,0,0,0,0,0,0,0,0,0,0,0,0,0,0,0,0,0,0
needing,0,0,0,0,0,0,0,0,0,0,0,0,0,0,0,0,0,0,0,0
needs,0,0,0,0,0,0,0,0,0,0,0,0,0,0,0,0,0,0,0,0
policies,0,0,0,0,0,0,0,0,0,0,0,0,0,0,0,0,0,0,0,0
policy,0,0,0,0,0,0,0,0,0,0,0,0,0,0,0,0,0,0,0,0
build,0,1,0,0,1,1,1,1,1,1,1,0,0,0,0,0,0,1,0,0
building,0,1,0,0,1,1,1,1,1,1,1,0,0,0,0,0,0,1,0,0
builds,0,1,0,0,1,1,1,1,1,1,1,0,0,0,0,0,0,1,0,0
built,0,1,0,0,1,1,1,1,1,1,1,0,0,0,0,0,0,1,0,0
clear,0,0,0,0,1,1,0,1,0,1,1,0,0,0,0,1,0,0,0,0
cleared,0,0,0,0,1,1,0,1,0,1,1,0,0,0,0,1,0,0,0,0
clearing,0,0,0,0,1,1,0,1,0,1,1,0,0,0,0,1,0,0,0,0
clears,0,0,0,0,1,1,0,1,0,1,1,0,0,0,0,1,0,0,0,0
authenticate,1,1,1,1,1,1,0,1,0,1,0,0,0,0,0,0,0,1,0,0
authenticated,1,1,1,1,1,1,0,1,0,1,0,0,0,0,0,0,0,1,0,0
authenticates,1,1,1,1,1,1,0,1,0,1,0,0,0,0,0,0,0,1,0,0
authenticating,1,1,1,1,1,1,0,1,0,1,0,0,0,0,0,0,0,1,0,0
credential,1,1,0,0,1,1,1,1,1,1,0,0,0,0,0,0,0,1,0,0
credentialed,1,1,0,0,1,1,1,1,1,1,0,0,0,0,0,0,0,1,0,0
credentialing,1,1,0,0,1,1,1,1,1,1,0,0,0,0,0,0,0,1,0,0
credentials,1,1,0,0,1,1,1,1,1,1,0,0,0,0,0,0,0,1,0,0
customer,0,0,0,0,1,1,0,1,1,1,1,0,0,0,0,0,0,1,0,0
customers,0,0,0,0,1,1,0,1,1,1,1,0,0,0,0,0,0,1,0,0
personalize,0,0,0,0,0,0,1,1,0,0,0,0,0,0,0,1,0,1,0,0
personalized,0,0,0,0,0,0,1,1,0,0,0,0,0,0,0,1,0,1,0,0
personalizes,0,0,0,0,0,0,1,1,0,0,0,0,0,0,0,1,0,1,0,0
personalizing,0,0,0,0,0,0,1,1,0,0,0,0,0,0,0,1,0,1,0,0
concept,0,0,0,0,0,0,0,0,0,0,0,0,0,0,0,0,0,0,0,0
concepts,0,0,0,0,0,0,0,0,0,0,0,0,0,0,0,0,0,0,0,0
admin,0,1,0,0,0,1,1,1,1,1,0,0,0,0,0,1,0,1,0,0
admins,0,1,0,0,0,1,1,1,1,1,0,0,0,0,0,1,0,1,0,0
developer,0,0,0,0,0,0,0,0,0,0,0,0,0,0,0,0,0,0,0,0
developers,0,0,0,0,0,0,0,0,0,0,0,0,0,0,0,0,0,0,0,0
house,0,0,0,0,0,0,0,0,0,0,0,0,0,0,0,0,0,0,0,0
housed,0,0,0,0,0,0,0,0,0,0,0,0,0,0,0,0,0,0,0,0
houses,0,0,0,0,0,0,0,0,0,0,0,0,0,0,0,0,0,0,0,0
housing,0,0,0,0,0,0,0,0,0,0,0,0,0,0,0,0,0,0,0,0
https://data.mendeley.com/,0,0,0,0,0,0,0,0,0,0,0,0,0,0,0,0,0,0,0,0
insert,0,0,0,0,0,0,0,0,0,1,0,0,0,0,0,0,0,0,0,0
inserted,0,0,0,0,0,0,0,0,0,1,0,0,0,0,0,0,0,0,0,0
inserting,0,0,0,0,0,0,0,0,0,1,0,0,0,0,0,0,0,0,0,0
inserts,0,0,0,0,0,0,0,0,0,1,0,0,0,0,0,0,0,0,0,0
minimum,0,0,0,0,0,0,0,0,0,0,0,0,0,0,0,0,0,0,0,0
minimums,0,0,0,0,0,0,0,0,0,0,0,0,0,0,0,0,0,0,0,0
money,0,0,0,0,1,0,1,1,0,1,1,0,0,0,0,0,0,1,0,0
moneys,0,0,0,0,1,0,1,1,0,1,1,0,0,0,0,0,0,1,0,0
music,0,0,0,0,0,0,0,0,0,0,0,0,0,0,0,0,0,0,0,0
musicked,0,0,0,0,0,0,0,0,0,0,0,0,0,0,0,0,0,0,0,0
musicking,0,0,0,0,0,0,0,0,0,0,0,0,0,0,0,0,0,0,0,0
musics,0,0,0,0,0,0,0,0,0,0,0,0,0,0,0,0,0,0,0,0
notice,0,0,0,0,0,0,0,0,0,0,0,0,0,0,0,0,0,0,0,0
noticed,0,0,0,0,0,0,0,0,0,0,0,0,0,0,0,0,0,0,0,0
notices,0,0,0,0,0,0,0,0,0,0,0,0,0,0,0,0,0,0,0,0
noticing,0,0,0,0,0,0,0,0,0,0,0,0,0,0,0,0,0,0,0,0
opinion,0,0,0,0,0,0,0,0,0,0,0,0,0,0,0,0,0,0,0,0
opinions,0,0,0,0,0,0,0,0,0,0,0,0,0,0,0,0,0,0,0,0
recruiter,0,0,0,0,0,0,0,0,0,0,0,0,0,0,0,0,0,0,0,0
recruiters,0,0,0,0,0,0,0,0,0,0,0,0,0,0,0,0,0,0,0,0
redesign,0,0,0,0,0,0,0,0,0,0,0,0,0,0,0,0,0,0,0,0
redesigned,0,0,0,0,0,0,0,0,0,0,0,0,0,0,0,0,0,0,0,0
redesigning,0,0,0,0,0,0,0,0,0,0,0,0,0,0,0,0,0,0,0,0
redesigns,0,0,0,0,0,0,0,0,0,0,0,0,0,0,0,0,0,0,0,0
government,0,0,0,0,0,0,0,0,1,0,0,0,0,0,0,0,0,0,0,1
governments,0,0,0,0,0,0,0,0,1,0,0,0,0,0,0,0,0,0,0,1
head,1,1,0,0,1,1,0,0,1,0,0,0,0,0,0,0,0,0,0,1
headed,1,1,0,0,1,1,0,0,1,0,0,0,0,0,0,0,0,0,0,1
heading,1,1,0,0,1,1,0,0,1,0,0,0,0,0,0,0,0,0,0,1
heads,1,1,0,0,1,1,0,0,1,0,0,0,0,0,0,0,0,0,0,1
